file,line,type,commit,author,date,time,timezone,datetime,depth,length
styles.css,1,css,ff4e6833,rhekacitra,2025-04-10,10:34:19,-07:00,2025-04-10T10:34:19-07:00,0,5
styles.css,2,css,ff4e6833,rhekacitra,2025-04-10,10:34:19,-07:00,2025-04-10T10:34:19-07:00,0,23
styles.css,3,css,28b22bc4,rhekacitra,2025-04-18,10:43:24,-07:00,2025-04-18T10:43:24-07:00,0,33
styles.css,4,css,0c061160,rhekacitra,2025-04-18,17:18:15,-07:00,2025-04-18T17:18:15-07:00,0,24
styles.css,5,css,ff4e6833,rhekacitra,2025-04-10,10:34:19,-07:00,2025-04-10T10:34:19-07:00,0,0
styles.css,6,css,0c061160,rhekacitra,2025-04-18,17:18:15,-07:00,2025-04-18T17:18:15-07:00,0,0
styles.css,7,css,28b22bc4,rhekacitra,2025-04-18,10:43:24,-07:00,2025-04-18T10:43:24-07:00,0,0
styles.css,8,css,28b22bc4,rhekacitra,2025-04-18,10:43:24,-07:00,2025-04-18T10:43:24-07:00,0,14
styles.css,9,css,28b22bc4,rhekacitra,2025-04-18,10:43:24,-07:00,2025-04-18T10:43:24-07:00,0,18
styles.css,10,css,28b22bc4,rhekacitra,2025-04-18,10:43:24,-07:00,2025-04-18T10:43:24-07:00,0,9
styles.css,11,css,28b22bc4,rhekacitra,2025-04-18,10:43:24,-07:00,2025-04-18T10:43:24-07:00,0,11
styles.css,12,css,28b22bc4,rhekacitra,2025-04-18,10:43:24,-07:00,2025-04-18T10:43:24-07:00,0,14
styles.css,13,css,28b22bc4,rhekacitra,2025-04-18,10:43:24,-07:00,2025-04-18T10:43:24-07:00,0,20
styles.css,14,css,28b22bc4,rhekacitra,2025-04-18,10:43:24,-07:00,2025-04-18T10:43:24-07:00,0,20
styles.css,15,css,28b22bc4,rhekacitra,2025-04-18,10:43:24,-07:00,2025-04-18T10:43:24-07:00,0,20
styles.css,16,css,28b22bc4,rhekacitra,2025-04-18,10:43:24,-07:00,2025-04-18T10:43:24-07:00,0,0
styles.css,17,css,28b22bc4,rhekacitra,2025-04-18,10:43:24,-07:00,2025-04-18T10:43:24-07:00,0,0
styles.css,18,css,28b22bc4,rhekacitra,2025-04-18,10:43:24,-07:00,2025-04-18T10:43:24-07:00,0,0
styles.css,19,css,a99bbf69,rhekacitra,2025-04-02,21:51:28,-07:00,2025-04-02T21:51:28-07:00,0,5
styles.css,20,css,0c061160,rhekacitra,2025-04-18,17:18:15,-07:00,2025-04-18T17:18:15-07:00,0,24
styles.css,21,css,0c061160,rhekacitra,2025-04-18,17:18:15,-07:00,2025-04-18T17:18:15-07:00,0,17
styles.css,22,css,28b22bc4,rhekacitra,2025-04-18,10:43:24,-07:00,2025-04-18T10:43:24-07:00,0,31
styles.css,23,css,28b22bc4,rhekacitra,2025-04-18,10:43:24,-07:00,2025-04-18T10:43:24-07:00,0,22
styles.css,24,css,ff4e6833,rhekacitra,2025-04-10,10:34:19,-07:00,2025-04-10T10:34:19-07:00,0,16
styles.css,25,css,ff4e6833,rhekacitra,2025-04-10,10:34:19,-07:00,2025-04-10T10:34:19-07:00,0,43
styles.css,26,css,ff4e6833,rhekacitra,2025-04-10,10:34:19,-07:00,2025-04-10T10:34:19-07:00,0,13
styles.css,27,css,ff4e6833,rhekacitra,2025-04-10,10:34:19,-07:00,2025-04-10T10:34:19-07:00,0,0
styles.css,28,css,ff4e6833,rhekacitra,2025-04-10,10:34:19,-07:00,2025-04-10T10:34:19-07:00,0,0
styles.css,29,css,ff4e6833,rhekacitra,2025-04-10,10:34:19,-07:00,2025-04-10T10:34:19-07:00,0,15
styles.css,30,css,ff4e6833,rhekacitra,2025-04-10,10:34:19,-07:00,2025-04-10T10:34:19-07:00,0,17
styles.css,31,css,ff4e6833,rhekacitra,2025-04-10,10:34:19,-07:00,2025-04-10T10:34:19-07:00,0,0
styles.css,32,css,ff4e6833,rhekacitra,2025-04-10,10:34:19,-07:00,2025-04-10T10:34:19-07:00,0,0
styles.css,33,css,ff4e6833,rhekacitra,2025-04-10,10:34:19,-07:00,2025-04-10T10:34:19-07:00,0,4
styles.css,34,css,ff4e6833,rhekacitra,2025-04-10,10:34:19,-07:00,2025-04-10T10:34:19-07:00,0,13
styles.css,35,css,ff4e6833,rhekacitra,2025-04-10,10:34:19,-07:00,2025-04-10T10:34:19-07:00,0,0
styles.css,36,css,ff4e6833,rhekacitra,2025-04-10,10:34:19,-07:00,2025-04-10T10:34:19-07:00,0,0
styles.css,37,css,ff4e6833,rhekacitra,2025-04-10,10:34:19,-07:00,2025-04-10T10:34:19-07:00,0,6
styles.css,38,css,28b22bc4,rhekacitra,2025-04-18,10:43:24,-07:00,2025-04-18T10:43:24-07:00,0,17
styles.css,39,css,ff4e6833,rhekacitra,2025-04-10,10:34:19,-07:00,2025-04-10T10:34:19-07:00,0,7
styles.css,40,css,ff4e6833,rhekacitra,2025-04-10,10:34:19,-07:00,2025-04-10T10:34:19-07:00,0,18
styles.css,41,css,ff4e6833,rhekacitra,2025-04-10,10:34:19,-07:00,2025-04-10T10:34:19-07:00,0,21
styles.css,42,css,ff4e6833,rhekacitra,2025-04-10,10:34:19,-07:00,2025-04-10T10:34:19-07:00,0,14
styles.css,43,css,ff4e6833,rhekacitra,2025-04-10,10:34:19,-07:00,2025-04-10T10:34:19-07:00,0,14
styles.css,44,css,ff4e6833,rhekacitra,2025-04-10,10:34:19,-07:00,2025-04-10T10:34:19-07:00,0,24
styles.css,45,css,ff4e6833,rhekacitra,2025-04-10,10:34:19,-07:00,2025-04-10T10:34:19-07:00,0,26
styles.css,46,css,28b22bc4,rhekacitra,2025-04-18,10:43:24,-07:00,2025-04-18T10:43:24-07:00,0,34
styles.css,47,css,28b22bc4,rhekacitra,2025-04-18,10:43:24,-07:00,2025-04-18T10:43:24-07:00,0,38
styles.css,48,css,28b22bc4,rhekacitra,2025-04-18,10:43:24,-07:00,2025-04-18T10:43:24-07:00,0,0
styles.css,49,css,ff4e6833,rhekacitra,2025-04-10,10:34:19,-07:00,2025-04-10T10:34:19-07:00,0,0
styles.css,50,css,ff4e6833,rhekacitra,2025-04-10,10:34:19,-07:00,2025-04-10T10:34:19-07:00,0,0
styles.css,51,css,ff4e6833,rhekacitra,2025-04-10,10:34:19,-07:00,2025-04-10T10:34:19-07:00,0,14
styles.css,52,css,ff4e6833,rhekacitra,2025-04-10,10:34:19,-07:00,2025-04-10T10:34:19-07:00,0,17
styles.css,53,css,ff4e6833,rhekacitra,2025-04-10,10:34:19,-07:00,2025-04-10T10:34:19-07:00,0,26
styles.css,54,css,ff4e6833,rhekacitra,2025-04-10,10:34:19,-07:00,2025-04-10T10:34:19-07:00,0,0
styles.css,55,css,ff4e6833,rhekacitra,2025-04-10,10:34:19,-07:00,2025-04-10T10:34:19-07:00,0,0
styles.css,56,css,ff4e6833,rhekacitra,2025-04-10,10:34:19,-07:00,2025-04-10T10:34:19-07:00,0,12
styles.css,57,css,ff4e6833,rhekacitra,2025-04-10,10:34:19,-07:00,2025-04-10T10:34:19-07:00,0,46
styles.css,58,css,28b22bc4,rhekacitra,2025-04-18,10:43:24,-07:00,2025-04-18T10:43:24-07:00,0,64
styles.css,59,css,28b22bc4,rhekacitra,2025-04-18,10:43:24,-07:00,2025-04-18T10:43:24-07:00,0,70
styles.css,60,css,ff4e6833,rhekacitra,2025-04-10,10:34:19,-07:00,2025-04-10T10:34:19-07:00,0,0
styles.css,61,css,ff4e6833,rhekacitra,2025-04-10,10:34:19,-07:00,2025-04-10T10:34:19-07:00,0,0
styles.css,62,css,ff4e6833,rhekacitra,2025-04-10,10:34:19,-07:00,2025-04-10T10:34:19-07:00,0,0
styles.css,63,css,28b22bc4,rhekacitra,2025-04-18,10:43:24,-07:00,2025-04-18T10:43:24-07:00,0,17
styles.css,64,css,ff4e6833,rhekacitra,2025-04-10,10:34:19,-07:00,2025-04-10T10:34:19-07:00,0,0
styles.css,65,css,28b22bc4,rhekacitra,2025-04-18,10:43:24,-07:00,2025-04-18T10:43:24-07:00,0,5
styles.css,66,css,28b22bc4,rhekacitra,2025-04-18,10:43:24,-07:00,2025-04-18T10:43:24-07:00,0,24
styles.css,67,css,28b22bc4,rhekacitra,2025-04-18,10:43:24,-07:00,2025-04-18T10:43:24-07:00,0,12
styles.css,68,css,28b22bc4,rhekacitra,2025-04-18,10:43:24,-07:00,2025-04-18T10:43:24-07:00,0,18
styles.css,69,css,28b22bc4,rhekacitra,2025-04-18,10:43:24,-07:00,2025-04-18T10:43:24-07:00,0,40
styles.css,70,css,28b22bc4,rhekacitra,2025-04-18,10:43:24,-07:00,2025-04-18T10:43:24-07:00,0,13
styles.css,71,css,28b22bc4,rhekacitra,2025-04-18,10:43:24,-07:00,2025-04-18T10:43:24-07:00,0,31
styles.css,72,css,28b22bc4,rhekacitra,2025-04-18,10:43:24,-07:00,2025-04-18T10:43:24-07:00,0,8
styles.css,73,css,28b22bc4,rhekacitra,2025-04-18,10:43:24,-07:00,2025-04-18T10:43:24-07:00,0,0
styles.css,74,css,28b22bc4,rhekacitra,2025-04-18,10:43:24,-07:00,2025-04-18T10:43:24-07:00,0,0
styles.css,75,css,28b22bc4,rhekacitra,2025-04-18,10:43:24,-07:00,2025-04-18T10:43:24-07:00,0,5
styles.css,76,css,28b22bc4,rhekacitra,2025-04-18,10:43:24,-07:00,2025-04-18T10:43:24-07:00,0,9
styles.css,77,css,28b22bc4,rhekacitra,2025-04-18,10:43:24,-07:00,2025-04-18T10:43:24-07:00,0,23
styles.css,78,css,28b22bc4,rhekacitra,2025-04-18,10:43:24,-07:00,2025-04-18T10:43:24-07:00,0,12
styles.css,79,css,28b22bc4,rhekacitra,2025-04-18,10:43:24,-07:00,2025-04-18T10:43:24-07:00,0,22
styles.css,80,css,28b22bc4,rhekacitra,2025-04-18,10:43:24,-07:00,2025-04-18T10:43:24-07:00,0,15
styles.css,81,css,28b22bc4,rhekacitra,2025-04-18,10:43:24,-07:00,2025-04-18T10:43:24-07:00,0,20
styles.css,82,css,28b22bc4,rhekacitra,2025-04-18,10:43:24,-07:00,2025-04-18T10:43:24-07:00,0,15
styles.css,83,css,28b22bc4,rhekacitra,2025-04-18,10:43:24,-07:00,2025-04-18T10:43:24-07:00,0,46
styles.css,84,css,28b22bc4,rhekacitra,2025-04-18,10:43:24,-07:00,2025-04-18T10:43:24-07:00,0,0
styles.css,85,css,28b22bc4,rhekacitra,2025-04-18,10:43:24,-07:00,2025-04-18T10:43:24-07:00,0,0
styles.css,86,css,28b22bc4,rhekacitra,2025-04-18,10:43:24,-07:00,2025-04-18T10:43:24-07:00,0,11
styles.css,87,css,28b22bc4,rhekacitra,2025-04-18,10:43:24,-07:00,2025-04-18T10:43:24-07:00,0,15
styles.css,88,css,28b22bc4,rhekacitra,2025-04-18,10:43:24,-07:00,2025-04-18T10:43:24-07:00,0,33
styles.css,89,css,28b22bc4,rhekacitra,2025-04-18,10:43:24,-07:00,2025-04-18T10:43:24-07:00,0,46
styles.css,90,css,28b22bc4,rhekacitra,2025-04-18,10:43:24,-07:00,2025-04-18T10:43:24-07:00,0,13
styles.css,91,css,28b22bc4,rhekacitra,2025-04-18,10:43:24,-07:00,2025-04-18T10:43:24-07:00,0,0
styles.css,92,css,28b22bc4,rhekacitra,2025-04-18,10:43:24,-07:00,2025-04-18T10:43:24-07:00,0,0
styles.css,93,css,28b22bc4,rhekacitra,2025-04-18,10:43:24,-07:00,2025-04-18T10:43:24-07:00,0,10
styles.css,94,css,28b22bc4,rhekacitra,2025-04-18,10:43:24,-07:00,2025-04-18T10:43:24-07:00,0,12
styles.css,95,css,28b22bc4,rhekacitra,2025-04-18,10:43:24,-07:00,2025-04-18T10:43:24-07:00,0,19
styles.css,96,css,28b22bc4,rhekacitra,2025-04-18,10:43:24,-07:00,2025-04-18T10:43:24-07:00,0,0
styles.css,97,css,28b22bc4,rhekacitra,2025-04-18,10:43:24,-07:00,2025-04-18T10:43:24-07:00,0,0
styles.css,98,css,28b22bc4,rhekacitra,2025-04-18,10:43:24,-07:00,2025-04-18T10:43:24-07:00,0,11
styles.css,99,css,28b22bc4,rhekacitra,2025-04-18,10:43:24,-07:00,2025-04-18T10:43:24-07:00,0,13
styles.css,100,css,28b22bc4,rhekacitra,2025-04-18,10:43:24,-07:00,2025-04-18T10:43:24-07:00,0,30
styles.css,101,css,28b22bc4,rhekacitra,2025-04-18,10:43:24,-07:00,2025-04-18T10:43:24-07:00,0,19
styles.css,102,css,28b22bc4,rhekacitra,2025-04-18,10:43:24,-07:00,2025-04-18T10:43:24-07:00,0,10
styles.css,103,css,28b22bc4,rhekacitra,2025-04-18,10:43:24,-07:00,2025-04-18T10:43:24-07:00,0,0
styles.css,104,css,28b22bc4,rhekacitra,2025-04-18,10:43:24,-07:00,2025-04-18T10:43:24-07:00,0,0
styles.css,105,css,28b22bc4,rhekacitra,2025-04-18,10:43:24,-07:00,2025-04-18T10:43:24-07:00,0,7
styles.css,106,css,28b22bc4,rhekacitra,2025-04-18,10:43:24,-07:00,2025-04-18T10:43:24-07:00,0,37
styles.css,107,css,28b22bc4,rhekacitra,2025-04-18,10:43:24,-07:00,2025-04-18T10:43:24-07:00,0,12
styles.css,108,css,28b22bc4,rhekacitra,2025-04-18,10:43:24,-07:00,2025-04-18T10:43:24-07:00,0,21
styles.css,109,css,28b22bc4,rhekacitra,2025-04-18,10:43:24,-07:00,2025-04-18T10:43:24-07:00,0,15
styles.css,110,css,28b22bc4,rhekacitra,2025-04-18,10:43:24,-07:00,2025-04-18T10:43:24-07:00,0,12
styles.css,111,css,28b22bc4,rhekacitra,2025-04-18,10:43:24,-07:00,2025-04-18T10:43:24-07:00,0,20
styles.css,112,css,28b22bc4,rhekacitra,2025-04-18,10:43:24,-07:00,2025-04-18T10:43:24-07:00,0,15
styles.css,113,css,28b22bc4,rhekacitra,2025-04-18,10:43:24,-07:00,2025-04-18T10:43:24-07:00,0,33
styles.css,114,css,28b22bc4,rhekacitra,2025-04-18,10:43:24,-07:00,2025-04-18T10:43:24-07:00,0,0
styles.css,115,css,28b22bc4,rhekacitra,2025-04-18,10:43:24,-07:00,2025-04-18T10:43:24-07:00,0,0
styles.css,116,css,28b22bc4,rhekacitra,2025-04-18,10:43:24,-07:00,2025-04-18T10:43:24-07:00,0,13
styles.css,117,css,28b22bc4,rhekacitra,2025-04-18,10:43:24,-07:00,2025-04-18T10:43:24-07:00,0,35
styles.css,118,css,28b22bc4,rhekacitra,2025-04-18,10:43:24,-07:00,2025-04-18T10:43:24-07:00,0,0
styles.css,119,css,ff4e6833,rhekacitra,2025-04-10,10:34:19,-07:00,2025-04-10T10:34:19-07:00,0,0
styles.css,120,css,ff4e6833,rhekacitra,2025-04-10,10:34:19,-07:00,2025-04-10T10:34:19-07:00,0,14
styles.css,121,css,ff4e6833,rhekacitra,2025-04-10,10:34:19,-07:00,2025-04-10T10:34:19-07:00,0,10
styles.css,122,css,ff4e6833,rhekacitra,2025-04-10,10:34:19,-07:00,2025-04-10T10:34:19-07:00,0,18
styles.css,123,css,ff4e6833,rhekacitra,2025-04-10,10:34:19,-07:00,2025-04-10T10:34:19-07:00,0,0
styles.css,124,css,ff4e6833,rhekacitra,2025-04-10,10:34:19,-07:00,2025-04-10T10:34:19-07:00,0,0
styles.css,125,css,ff4e6833,rhekacitra,2025-04-10,10:34:19,-07:00,2025-04-10T10:34:19-07:00,0,6
styles.css,126,css,ff4e6833,rhekacitra,2025-04-10,10:34:19,-07:00,2025-04-10T10:34:19-07:00,0,18
styles.css,127,css,ff4e6833,rhekacitra,2025-04-10,10:34:19,-07:00,2025-04-10T10:34:19-07:00,0,15
styles.css,128,css,ff4e6833,rhekacitra,2025-04-10,10:34:19,-07:00,2025-04-10T10:34:19-07:00,0,16
styles.css,129,css,ff4e6833,rhekacitra,2025-04-10,10:34:19,-07:00,2025-04-10T10:34:19-07:00,0,15
styles.css,130,css,ff4e6833,rhekacitra,2025-04-10,10:34:19,-07:00,2025-04-10T10:34:19-07:00,0,14
styles.css,131,css,ff4e6833,rhekacitra,2025-04-10,10:34:19,-07:00,2025-04-10T10:34:19-07:00,0,0
styles.css,132,css,ff4e6833,rhekacitra,2025-04-10,10:34:19,-07:00,2025-04-10T10:34:19-07:00,0,0
styles.css,133,css,ff4e6833,rhekacitra,2025-04-10,10:34:19,-07:00,2025-04-10T10:34:19-07:00,0,0
styles.css,134,css,ff4e6833,rhekacitra,2025-04-10,10:34:19,-07:00,2025-04-10T10:34:19-07:00,0,0
styles.css,135,css,ff4e6833,rhekacitra,2025-04-10,10:34:19,-07:00,2025-04-10T10:34:19-07:00,0,18
styles.css,136,css,ff4e6833,rhekacitra,2025-04-10,10:34:19,-07:00,2025-04-10T10:34:19-07:00,0,3
styles.css,137,css,ff4e6833,rhekacitra,2025-04-10,10:34:19,-07:00,2025-04-10T10:34:19-07:00,0,15
styles.css,138,css,ff4e6833,rhekacitra,2025-04-10,10:34:19,-07:00,2025-04-10T10:34:19-07:00,0,20
styles.css,139,css,ff4e6833,rhekacitra,2025-04-10,10:34:19,-07:00,2025-04-10T10:34:19-07:00,0,0
styles.css,140,css,ff4e6833,rhekacitra,2025-04-10,10:34:19,-07:00,2025-04-10T10:34:19-07:00,0,0
styles.css,141,css,ff4e6833,rhekacitra,2025-04-10,10:34:19,-07:00,2025-04-10T10:34:19-07:00,0,23
styles.css,142,css,ff4e6833,rhekacitra,2025-04-10,10:34:19,-07:00,2025-04-10T10:34:19-07:00,0,16
styles.css,143,css,ff4e6833,rhekacitra,2025-04-10,10:34:19,-07:00,2025-04-10T10:34:19-07:00,0,18
styles.css,144,css,ff4e6833,rhekacitra,2025-04-10,10:34:19,-07:00,2025-04-10T10:34:19-07:00,0,0
styles.css,145,css,ff4e6833,rhekacitra,2025-04-10,10:34:19,-07:00,2025-04-10T10:34:19-07:00,0,0
styles.css,146,css,ff4e6833,rhekacitra,2025-04-10,10:34:19,-07:00,2025-04-10T10:34:19-07:00,0,0
styles.css,147,css,ff4e6833,rhekacitra,2025-04-10,10:34:19,-07:00,2025-04-10T10:34:19-07:00,0,10
styles.css,148,css,ff4e6833,rhekacitra,2025-04-10,10:34:19,-07:00,2025-04-10T10:34:19-07:00,0,13
styles.css,149,css,ff4e6833,rhekacitra,2025-04-10,10:34:19,-07:00,2025-04-10T10:34:19-07:00,0,59
styles.css,150,css,ff4e6833,rhekacitra,2025-04-10,10:34:19,-07:00,2025-04-10T10:34:19-07:00,0,10
styles.css,151,css,ff4e6833,rhekacitra,2025-04-10,10:34:19,-07:00,2025-04-10T10:34:19-07:00,0,17
styles.css,152,css,ff4e6833,rhekacitra,2025-04-10,10:34:19,-07:00,2025-04-10T10:34:19-07:00,0,0
styles.css,153,css,ff4e6833,rhekacitra,2025-04-10,10:34:19,-07:00,2025-04-10T10:34:19-07:00,0,0
styles.css,154,css,ff4e6833,rhekacitra,2025-04-10,10:34:19,-07:00,2025-04-10T10:34:19-07:00,0,18
styles.css,155,css,ff4e6833,rhekacitra,2025-04-10,10:34:19,-07:00,2025-04-10T10:34:19-07:00,0,13
styles.css,156,css,ff4e6833,rhekacitra,2025-04-10,10:34:19,-07:00,2025-04-10T10:34:19-07:00,0,27
styles.css,157,css,ff4e6833,rhekacitra,2025-04-10,10:34:19,-07:00,2025-04-10T10:34:19-07:00,0,16
styles.css,158,css,ff4e6833,rhekacitra,2025-04-10,10:34:19,-07:00,2025-04-10T10:34:19-07:00,0,12
styles.css,159,css,ff4e6833,rhekacitra,2025-04-10,10:34:19,-07:00,2025-04-10T10:34:19-07:00,0,22
styles.css,160,css,ff4e6833,rhekacitra,2025-04-10,10:34:19,-07:00,2025-04-10T10:34:19-07:00,0,20
styles.css,161,css,50b23441,rhekacitra,2025-04-10,11:09:51,-07:00,2025-04-10T11:09:51-07:00,0,25
styles.css,162,css,ff4e6833,rhekacitra,2025-04-10,10:34:19,-07:00,2025-04-10T10:34:19-07:00,0,0
styles.css,163,css,ff4e6833,rhekacitra,2025-04-10,10:34:19,-07:00,2025-04-10T10:34:19-07:00,0,0
styles.css,164,css,ab0b89d4,rhekacitra,2025-04-10,10:55:39,-07:00,2025-04-10T10:55:39-07:00,0,24
styles.css,165,css,ab0b89d4,rhekacitra,2025-04-10,10:55:39,-07:00,2025-04-10T10:55:39-07:00,0,27
styles.css,166,css,ab0b89d4,rhekacitra,2025-04-10,10:55:39,-07:00,2025-04-10T10:55:39-07:00,0,42
styles.css,167,css,ab0b89d4,rhekacitra,2025-04-10,10:55:39,-07:00,2025-04-10T10:55:39-07:00,0,25
styles.css,168,css,ab0b89d4,rhekacitra,2025-04-10,10:55:39,-07:00,2025-04-10T10:55:39-07:00,0,0
styles.css,169,css,ab0b89d4,rhekacitra,2025-04-10,10:55:39,-07:00,2025-04-10T10:55:39-07:00,0,0
styles.css,170,css,ff4e6833,rhekacitra,2025-04-10,10:34:19,-07:00,2025-04-10T10:34:19-07:00,0,13
styles.css,171,css,ff4e6833,rhekacitra,2025-04-10,10:34:19,-07:00,2025-04-10T10:34:19-07:00,0,9
styles.css,172,css,ff4e6833,rhekacitra,2025-04-10,10:34:19,-07:00,2025-04-10T10:34:19-07:00,0,0
styles.css,173,css,ff4e6833,rhekacitra,2025-04-10,10:34:19,-07:00,2025-04-10T10:34:19-07:00,0,0
styles.css,174,css,ff4e6833,rhekacitra,2025-04-10,10:34:19,-07:00,2025-04-10T10:34:19-07:00,0,0
styles.css,175,css,ff4e6833,rhekacitra,2025-04-10,10:34:19,-07:00,2025-04-10T10:34:19-07:00,0,14
styles.css,176,css,ff4e6833,rhekacitra,2025-04-10,10:34:19,-07:00,2025-04-10T10:34:19-07:00,0,15
styles.css,177,css,ff4e6833,rhekacitra,2025-04-10,10:34:19,-07:00,2025-04-10T10:34:19-07:00,0,12
styles.css,178,css,ff4e6833,rhekacitra,2025-04-10,10:34:19,-07:00,2025-04-10T10:34:19-07:00,0,14
styles.css,179,css,ff4e6833,rhekacitra,2025-04-10,10:34:19,-07:00,2025-04-10T10:34:19-07:00,0,19
styles.css,180,css,ff4e6833,rhekacitra,2025-04-10,10:34:19,-07:00,2025-04-10T10:34:19-07:00,0,0
styles.css,181,css,ab0b89d4,rhekacitra,2025-04-10,10:55:39,-07:00,2025-04-10T10:55:39-07:00,0,0
styles.css,182,css,28b22bc4,rhekacitra,2025-04-18,10:43:24,-07:00,2025-04-18T10:43:24-07:00,0,36
styles.css,183,css,28b22bc4,rhekacitra,2025-04-18,10:43:24,-07:00,2025-04-18T10:43:24-07:00,0,18
styles.css,184,css,28b22bc4,rhekacitra,2025-04-18,10:43:24,-07:00,2025-04-18T10:43:24-07:00,0,12
styles.css,185,css,28b22bc4,rhekacitra,2025-04-18,10:43:24,-07:00,2025-04-18T10:43:24-07:00,0,0
styles.css,186,css,28b22bc4,rhekacitra,2025-04-18,10:43:24,-07:00,2025-04-18T10:43:24-07:00,0,0
styles.css,187,css,28b22bc4,rhekacitra,2025-04-18,10:43:24,-07:00,2025-04-18T10:43:24-07:00,0,12
styles.css,188,css,0c061160,rhekacitra,2025-04-18,17:18:15,-07:00,2025-04-18T17:18:15-07:00,0,14
styles.css,189,css,28b22bc4,rhekacitra,2025-04-18,10:43:24,-07:00,2025-04-18T10:43:24-07:00,0,0
styles.css,190,css,28b22bc4,rhekacitra,2025-04-18,10:43:24,-07:00,2025-04-18T10:43:24-07:00,0,0
styles.css,191,css,28b22bc4,rhekacitra,2025-04-18,10:43:24,-07:00,2025-04-18T10:43:24-07:00,0,0
styles.css,192,css,de11554b,Rheka Narwastu,2025-05-02,18:07:12,-07:00,2025-05-02T18:07:12-07:00,0,19
styles.css,193,css,de11554b,Rheka Narwastu,2025-05-02,18:07:12,-07:00,2025-05-02T18:07:12-07:00,0,15
styles.css,194,css,de11554b,Rheka Narwastu,2025-05-02,18:07:12,-07:00,2025-05-02T18:07:12-07:00,0,17
styles.css,195,css,de11554b,Rheka Narwastu,2025-05-02,18:07:12,-07:00,2025-05-02T18:07:12-07:00,0,0
styles.css,196,css,de11554b,Rheka Narwastu,2025-05-02,18:07:12,-07:00,2025-05-02T18:07:12-07:00,0,17
styles.css,197,css,de11554b,Rheka Narwastu,2025-05-02,18:07:12,-07:00,2025-05-02T18:07:12-07:00,0,0
styles.css,198,css,de11554b,Rheka Narwastu,2025-05-02,18:07:12,-07:00,2025-05-02T18:07:12-07:00,0,0
styles.css,199,css,de11554b,Rheka Narwastu,2025-05-02,18:07:12,-07:00,2025-05-02T18:07:12-07:00,0,11
styles.css,200,css,de11554b,Rheka Narwastu,2025-05-02,18:07:12,-07:00,2025-05-02T18:07:12-07:00,0,13
styles.css,201,css,de11554b,Rheka Narwastu,2025-05-02,18:07:12,-07:00,2025-05-02T18:07:12-07:00,0,8
styles.css,202,css,de11554b,Rheka Narwastu,2025-05-02,18:07:12,-07:00,2025-05-02T18:07:12-07:00,0,19
styles.css,203,css,de11554b,Rheka Narwastu,2025-05-02,18:07:12,-07:00,2025-05-02T18:07:12-07:00,0,23
styles.css,204,css,de11554b,Rheka Narwastu,2025-05-02,18:07:12,-07:00,2025-05-02T18:07:12-07:00,0,23
styles.css,205,css,de11554b,Rheka Narwastu,2025-05-02,18:07:12,-07:00,2025-05-02T18:07:12-07:00,0,15
styles.css,206,css,de11554b,Rheka Narwastu,2025-05-02,18:07:12,-07:00,2025-05-02T18:07:12-07:00,0,0
styles.css,207,css,de11554b,Rheka Narwastu,2025-05-02,18:07:12,-07:00,2025-05-02T18:07:12-07:00,0,0
styles.css,208,css,de11554b,Rheka Narwastu,2025-05-02,18:07:12,-07:00,2025-05-02T18:07:12-07:00,0,8
styles.css,209,css,de11554b,Rheka Narwastu,2025-05-02,18:07:12,-07:00,2025-05-02T18:07:12-07:00,0,13
styles.css,210,css,de11554b,Rheka Narwastu,2025-05-02,18:07:12,-07:00,2025-05-02T18:07:12-07:00,0,58
styles.css,211,css,de11554b,Rheka Narwastu,2025-05-02,18:07:12,-07:00,2025-05-02T18:07:12-07:00,0,46
styles.css,212,css,de11554b,Rheka Narwastu,2025-05-02,18:07:12,-07:00,2025-05-02T18:07:12-07:00,0,22
styles.css,213,css,de11554b,Rheka Narwastu,2025-05-02,18:07:12,-07:00,2025-05-02T18:07:12-07:00,0,12
styles.css,214,css,de11554b,Rheka Narwastu,2025-05-02,18:07:12,-07:00,2025-05-02T18:07:12-07:00,0,25
styles.css,215,css,de11554b,Rheka Narwastu,2025-05-02,18:07:12,-07:00,2025-05-02T18:07:12-07:00,0,22
styles.css,216,css,de11554b,Rheka Narwastu,2025-05-02,18:07:12,-07:00,2025-05-02T18:07:12-07:00,0,21
styles.css,217,css,de11554b,Rheka Narwastu,2025-05-02,18:07:12,-07:00,2025-05-02T18:07:12-07:00,0,7
styles.css,218,css,de11554b,Rheka Narwastu,2025-05-02,18:07:12,-07:00,2025-05-02T18:07:12-07:00,0,0
styles.css,219,css,de11554b,Rheka Narwastu,2025-05-02,18:07:12,-07:00,2025-05-02T18:07:12-07:00,0,0
styles.css,220,css,de11554b,Rheka Narwastu,2025-05-02,18:07:12,-07:00,2025-05-02T18:07:12-07:00,0,0
styles.css,221,css,de11554b,Rheka Narwastu,2025-05-02,18:07:12,-07:00,2025-05-02T18:07:12-07:00,0,13
styles.css,222,css,de11554b,Rheka Narwastu,2025-05-02,18:07:12,-07:00,2025-05-02T18:07:12-07:00,0,13
styles.css,223,css,de11554b,Rheka Narwastu,2025-05-02,18:07:12,-07:00,2025-05-02T18:07:12-07:00,0,19
styles.css,224,css,de11554b,Rheka Narwastu,2025-05-02,18:07:12,-07:00,2025-05-02T18:07:12-07:00,0,47
styles.css,225,css,de11554b,Rheka Narwastu,2025-05-02,18:07:12,-07:00,2025-05-02T18:07:12-07:00,0,16
styles.css,226,css,de11554b,Rheka Narwastu,2025-05-02,18:07:12,-07:00,2025-05-02T18:07:12-07:00,0,0
styles.css,227,css,de11554b,Rheka Narwastu,2025-05-02,18:07:12,-07:00,2025-05-02T18:07:12-07:00,0,0
styles.css,228,css,de11554b,Rheka Narwastu,2025-05-02,18:07:12,-07:00,2025-05-02T18:07:12-07:00,0,21
styles.css,229,css,de11554b,Rheka Narwastu,2025-05-02,18:07:12,-07:00,2025-05-02T18:07:12-07:00,0,21
styles.css,230,css,de11554b,Rheka Narwastu,2025-05-02,18:07:12,-07:00,2025-05-02T18:07:12-07:00,0,10
styles.css,231,css,de11554b,Rheka Narwastu,2025-05-02,18:07:12,-07:00,2025-05-02T18:07:12-07:00,0,11
styles.css,232,css,de11554b,Rheka Narwastu,2025-05-02,18:07:12,-07:00,2025-05-02T18:07:12-07:00,0,30
styles.css,233,css,de11554b,Rheka Narwastu,2025-05-02,18:07:12,-07:00,2025-05-02T18:07:12-07:00,0,18
styles.css,234,css,de11554b,Rheka Narwastu,2025-05-02,18:07:12,-07:00,2025-05-02T18:07:12-07:00,0,14
styles.css,235,css,de11554b,Rheka Narwastu,2025-05-02,18:07:12,-07:00,2025-05-02T18:07:12-07:00,0,0
styles.css,236,css,de11554b,Rheka Narwastu,2025-05-02,18:07:12,-07:00,2025-05-02T18:07:12-07:00,0,0
styles.css,237,css,de11554b,Rheka Narwastu,2025-05-02,18:07:12,-07:00,2025-05-02T18:07:12-07:00,0,37
styles.css,238,css,de11554b,Rheka Narwastu,2025-05-02,18:07:12,-07:00,2025-05-02T18:07:12-07:00,0,12
styles.css,239,css,de11554b,Rheka Narwastu,2025-05-02,18:07:12,-07:00,2025-05-02T18:07:12-07:00,0,0
styles.css,240,css,de11554b,Rheka Narwastu,2025-05-02,18:07:12,-07:00,2025-05-02T18:07:12-07:00,0,0
styles.css,241,css,de11554b,Rheka Narwastu,2025-05-02,18:07:12,-07:00,2025-05-02T18:07:12-07:00,0,9
styles.css,242,css,de11554b,Rheka Narwastu,2025-05-02,18:07:12,-07:00,2025-05-02T18:07:12-07:00,0,18
styles.css,243,css,de11554b,Rheka Narwastu,2025-05-02,18:07:12,-07:00,2025-05-02T18:07:12-07:00,0,17
styles.css,244,css,de11554b,Rheka Narwastu,2025-05-02,18:07:12,-07:00,2025-05-02T18:07:12-07:00,0,15
styles.css,245,css,de11554b,Rheka Narwastu,2025-05-02,18:07:12,-07:00,2025-05-02T18:07:12-07:00,0,0
styles.css,246,css,de11554b,Rheka Narwastu,2025-05-02,18:07:12,-07:00,2025-05-02T18:07:12-07:00,0,0
styles.css,247,css,de11554b,Rheka Narwastu,2025-05-02,18:07:12,-07:00,2025-05-02T18:07:12-07:00,0,14
styles.css,248,css,de11554b,Rheka Narwastu,2025-05-02,18:07:12,-07:00,2025-05-02T18:07:12-07:00,0,36
styles.css,249,css,de11554b,Rheka Narwastu,2025-05-02,18:07:12,-07:00,2025-05-02T18:07:12-07:00,0,18
styles.css,250,css,de11554b,Rheka Narwastu,2025-05-02,18:07:12,-07:00,2025-05-02T18:07:12-07:00,0,0
styles.css,251,css,de11554b,Rheka Narwastu,2025-05-02,18:07:12,-07:00,2025-05-02T18:07:12-07:00,0,0
styles.css,252,css,de11554b,Rheka Narwastu,2025-05-02,18:07:12,-07:00,2025-05-02T18:07:12-07:00,0,0
styles.css,253,css,de11554b,Rheka Narwastu,2025-05-02,18:07:12,-07:00,2025-05-02T18:07:12-07:00,0,22
styles.css,254,css,de11554b,Rheka Narwastu,2025-05-02,18:07:12,-07:00,2025-05-02T18:07:12-07:00,0,17
styles.css,255,css,de11554b,Rheka Narwastu,2025-05-02,18:07:12,-07:00,2025-05-02T18:07:12-07:00,0,0
styles.css,256,css,de11554b,Rheka Narwastu,2025-05-02,18:07:12,-07:00,2025-05-02T18:07:12-07:00,0,0
styles.css,257,css,de11554b,Rheka Narwastu,2025-05-02,18:07:12,-07:00,2025-05-02T18:07:12-07:00,0,30
styles.css,258,css,de11554b,Rheka Narwastu,2025-05-02,18:07:12,-07:00,2025-05-02T18:07:12-07:00,0,36
styles.css,259,css,de11554b,Rheka Narwastu,2025-05-02,18:07:12,-07:00,2025-05-02T18:07:12-07:00,0,30
styles.css,260,css,de11554b,Rheka Narwastu,2025-05-02,18:07:12,-07:00,2025-05-02T18:07:12-07:00,0,10
styles.css,261,css,de11554b,Rheka Narwastu,2025-05-02,18:07:12,-07:00,2025-05-02T18:07:12-07:00,0,11
styles.css,262,css,de11554b,Rheka Narwastu,2025-05-02,18:07:12,-07:00,2025-05-02T18:07:12-07:00,0,0
styles.css,263,css,de11554b,Rheka Narwastu,2025-05-02,18:07:12,-07:00,2025-05-02T18:07:12-07:00,0,0
styles.css,264,css,ab0b89d4,rhekacitra,2025-04-10,10:55:39,-07:00,2025-04-10T10:55:39-07:00,0,16
styles.css,265,css,ab0b89d4,rhekacitra,2025-04-10,10:55:39,-07:00,2025-04-10T10:55:39-07:00,0,12
styles.css,266,css,50b23441,rhekacitra,2025-04-10,11:09:51,-07:00,2025-04-10T11:09:51-07:00,0,25
styles.css,267,css,50b23441,rhekacitra,2025-04-10,11:09:51,-07:00,2025-04-10T11:09:51-07:00,0,0
styles.css,268,css,ab0b89d4,rhekacitra,2025-04-10,10:55:39,-07:00,2025-04-10T10:55:39-07:00,0,12
styles.css,269,css,ab0b89d4,rhekacitra,2025-04-10,10:55:39,-07:00,2025-04-10T10:55:39-07:00,0,22
styles.css,270,css,ab0b89d4,rhekacitra,2025-04-10,10:55:39,-07:00,2025-04-10T10:55:39-07:00,0,21
styles.css,271,css,ab0b89d4,rhekacitra,2025-04-10,10:55:39,-07:00,2025-04-10T10:55:39-07:00,0,42
styles.css,272,css,ab0b89d4,rhekacitra,2025-04-10,10:55:39,-07:00,2025-04-10T10:55:39-07:00,0,18
styles.css,273,css,ab0b89d4,rhekacitra,2025-04-10,10:55:39,-07:00,2025-04-10T10:55:39-07:00,0,53
styles.css,274,css,ab0b89d4,rhekacitra,2025-04-10,10:55:39,-07:00,2025-04-10T10:55:39-07:00,0,0
styles.css,275,css,ab0b89d4,rhekacitra,2025-04-10,10:55:39,-07:00,2025-04-10T10:55:39-07:00,0,0
styles.css,276,css,ab0b89d4,rhekacitra,2025-04-10,10:55:39,-07:00,2025-04-10T10:55:39-07:00,0,18
styles.css,277,css,ab0b89d4,rhekacitra,2025-04-10,10:55:39,-07:00,2025-04-10T10:55:39-07:00,0,27
styles.css,278,css,ab0b89d4,rhekacitra,2025-04-10,10:55:39,-07:00,2025-04-10T10:55:39-07:00,0,42
styles.css,279,css,ab0b89d4,rhekacitra,2025-04-10,10:55:39,-07:00,2025-04-10T10:55:39-07:00,0,0
styles.css,280,css,ab0b89d4,rhekacitra,2025-04-10,10:55:39,-07:00,2025-04-10T10:55:39-07:00,0,0
styles.css,281,css,ab0b89d4,rhekacitra,2025-04-10,10:55:39,-07:00,2025-04-10T10:55:39-07:00,0,15
styles.css,282,css,50b23441,rhekacitra,2025-04-10,11:09:51,-07:00,2025-04-10T11:09:51-07:00,0,32
styles.css,283,css,ab0b89d4,rhekacitra,2025-04-10,10:55:39,-07:00,2025-04-10T10:55:39-07:00,0,21
styles.css,284,css,ab0b89d4,rhekacitra,2025-04-10,10:55:39,-07:00,2025-04-10T10:55:39-07:00,0,18
styles.css,285,css,50b23441,rhekacitra,2025-04-10,11:09:51,-07:00,2025-04-10T11:09:51-07:00,0,14
styles.css,286,css,ab0b89d4,rhekacitra,2025-04-10,10:55:39,-07:00,2025-04-10T10:55:39-07:00,0,0
styles.css,287,css,ab0b89d4,rhekacitra,2025-04-10,10:55:39,-07:00,2025-04-10T10:55:39-07:00,0,0
styles.css,288,css,ab0b89d4,rhekacitra,2025-04-10,10:55:39,-07:00,2025-04-10T10:55:39-07:00,0,12
styles.css,289,css,ab0b89d4,rhekacitra,2025-04-10,10:55:39,-07:00,2025-04-10T10:55:39-07:00,0,20
styles.css,290,css,ab0b89d4,rhekacitra,2025-04-10,10:55:39,-07:00,2025-04-10T10:55:39-07:00,0,0
styles.css,291,css,ab0b89d4,rhekacitra,2025-04-10,10:55:39,-07:00,2025-04-10T10:55:39-07:00,0,0
styles.css,292,css,ab0b89d4,rhekacitra,2025-04-10,10:55:39,-07:00,2025-04-10T10:55:39-07:00,0,16
styles.css,293,css,50b23441,rhekacitra,2025-04-10,11:09:51,-07:00,2025-04-10T11:09:51-07:00,0,16
styles.css,294,css,ab0b89d4,rhekacitra,2025-04-10,10:55:39,-07:00,2025-04-10T10:55:39-07:00,0,14
styles.css,295,css,ab0b89d4,rhekacitra,2025-04-10,10:55:39,-07:00,2025-04-10T10:55:39-07:00,0,13
styles.css,296,css,ab0b89d4,rhekacitra,2025-04-10,10:55:39,-07:00,2025-04-10T10:55:39-07:00,0,0
styles.css,297,css,ab0b89d4,rhekacitra,2025-04-10,10:55:39,-07:00,2025-04-10T10:55:39-07:00,0,0
styles.css,298,css,50b23441,rhekacitra,2025-04-10,11:09:51,-07:00,2025-04-10T11:09:51-07:00,0,0
styles.css,299,css,ab0b89d4,rhekacitra,2025-04-10,10:55:39,-07:00,2025-04-10T10:55:39-07:00,0,15
styles.css,300,css,ab0b89d4,rhekacitra,2025-04-10,10:55:39,-07:00,2025-04-10T10:55:39-07:00,0,17
styles.css,301,css,ab0b89d4,rhekacitra,2025-04-10,10:55:39,-07:00,2025-04-10T10:55:39-07:00,0,0
styles.css,302,css,ab0b89d4,rhekacitra,2025-04-10,10:55:39,-07:00,2025-04-10T10:55:39-07:00,0,0
styles.css,303,css,ab0b89d4,rhekacitra,2025-04-10,10:55:39,-07:00,2025-04-10T10:55:39-07:00,0,19
styles.css,304,css,ab0b89d4,rhekacitra,2025-04-10,10:55:39,-07:00,2025-04-10T10:55:39-07:00,0,11
styles.css,305,css,ab0b89d4,rhekacitra,2025-04-10,10:55:39,-07:00,2025-04-10T10:55:39-07:00,0,18
styles.css,306,css,ab0b89d4,rhekacitra,2025-04-10,10:55:39,-07:00,2025-04-10T10:55:39-07:00,0,0
styles.css,307,css,ab0b89d4,rhekacitra,2025-04-10,10:55:39,-07:00,2025-04-10T10:55:39-07:00,0,0
styles.css,308,css,ab0b89d4,rhekacitra,2025-04-10,10:55:39,-07:00,2025-04-10T10:55:39-07:00,0,28
styles.css,309,css,ab0b89d4,rhekacitra,2025-04-10,10:55:39,-07:00,2025-04-10T10:55:39-07:00,0,28
styles.css,310,css,ab0b89d4,rhekacitra,2025-04-10,10:55:39,-07:00,2025-04-10T10:55:39-07:00,0,13
styles.css,311,css,ab0b89d4,rhekacitra,2025-04-10,10:55:39,-07:00,2025-04-10T10:55:39-07:00,0,58
styles.css,312,css,ab0b89d4,rhekacitra,2025-04-10,10:55:39,-07:00,2025-04-10T10:55:39-07:00,0,16
styles.css,313,css,ab0b89d4,rhekacitra,2025-04-10,10:55:39,-07:00,2025-04-10T10:55:39-07:00,0,16
styles.css,314,css,ab0b89d4,rhekacitra,2025-04-10,10:55:39,-07:00,2025-04-10T10:55:39-07:00,0,15
styles.css,315,css,ab0b89d4,rhekacitra,2025-04-10,10:55:39,-07:00,2025-04-10T10:55:39-07:00,0,0
styles.css,316,css,ab0b89d4,rhekacitra,2025-04-10,10:55:39,-07:00,2025-04-10T10:55:39-07:00,0,0
styles.css,317,css,ab0b89d4,rhekacitra,2025-04-10,10:55:39,-07:00,2025-04-10T10:55:39-07:00,0,39
styles.css,318,css,ab0b89d4,rhekacitra,2025-04-10,10:55:39,-07:00,2025-04-10T10:55:39-07:00,0,13
styles.css,319,css,ab0b89d4,rhekacitra,2025-04-10,10:55:39,-07:00,2025-04-10T10:55:39-07:00,0,26
styles.css,320,css,ab0b89d4,rhekacitra,2025-04-10,10:55:39,-07:00,2025-04-10T10:55:39-07:00,0,0
styles.css,321,css,28b22bc4,rhekacitra,2025-04-18,10:43:24,-07:00,2025-04-18T10:43:24-07:00,0,0
styles.css,322,css,28b22bc4,rhekacitra,2025-04-18,10:43:24,-07:00,2025-04-18T10:43:24-07:00,0,36
styles.css,323,css,28b22bc4,rhekacitra,2025-04-18,10:43:24,-07:00,2025-04-18T10:43:24-07:00,0,12
styles.css,324,css,28b22bc4,rhekacitra,2025-04-18,10:43:24,-07:00,2025-04-18T10:43:24-07:00,0,12
styles.css,325,css,28b22bc4,rhekacitra,2025-04-18,10:43:24,-07:00,2025-04-18T10:43:24-07:00,0,0
styles.css,326,css,28b22bc4,rhekacitra,2025-04-18,10:43:24,-07:00,2025-04-18T10:43:24-07:00,0,0
styles.css,327,css,28b22bc4,rhekacitra,2025-04-18,10:43:24,-07:00,2025-04-18T10:43:24-07:00,0,11
styles.css,328,css,0c061160,rhekacitra,2025-04-18,17:18:15,-07:00,2025-04-18T17:18:15-07:00,0,12
styles.css,329,css,28b22bc4,rhekacitra,2025-04-18,10:43:24,-07:00,2025-04-18T10:43:24-07:00,0,0
styles.css,330,css,28b22bc4,rhekacitra,2025-04-18,10:43:24,-07:00,2025-04-18T10:43:24-07:00,0,0
styles.css,331,css,28b22bc4,rhekacitra,2025-04-18,10:43:24,-07:00,2025-04-18T10:43:24-07:00,0,0
styles.css,332,css,28b22bc4,rhekacitra,2025-04-18,10:43:24,-07:00,2025-04-18T10:43:24-07:00,0,0
styles.css,333,css,b03af21e,rhekacitra,2025-04-24,14:00:30,-07:00,2025-04-24T14:00:30-07:00,0,17
styles.css,334,css,b03af21e,rhekacitra,2025-04-24,14:00:30,-07:00,2025-04-24T14:00:30-07:00,0,18
styles.css,335,css,b03af21e,rhekacitra,2025-04-24,14:00:30,-07:00,2025-04-24T14:00:30-07:00,0,13
styles.css,336,css,b03af21e,rhekacitra,2025-04-24,14:00:30,-07:00,2025-04-24T14:00:30-07:00,0,59
styles.css,337,css,b03af21e,rhekacitra,2025-04-24,14:00:30,-07:00,2025-04-24T14:00:30-07:00,0,11
styles.css,338,css,b03af21e,rhekacitra,2025-04-24,14:00:30,-07:00,2025-04-24T14:00:30-07:00,0,18
styles.css,339,css,b03af21e,rhekacitra,2025-04-24,14:00:30,-07:00,2025-04-24T14:00:30-07:00,0,29
styles.css,340,css,b03af21e,rhekacitra,2025-04-24,14:00:30,-07:00,2025-04-24T14:00:30-07:00,0,14
styles.css,341,css,b03af21e,rhekacitra,2025-04-24,14:00:30,-07:00,2025-04-24T14:00:30-07:00,0,0
styles.css,342,css,b03af21e,rhekacitra,2025-04-24,14:00:30,-07:00,2025-04-24T14:00:30-07:00,0,0
styles.css,343,css,b03af21e,rhekacitra,2025-04-24,14:00:30,-07:00,2025-04-24T14:00:30-07:00,0,18
styles.css,344,css,b03af21e,rhekacitra,2025-04-24,14:00:30,-07:00,2025-04-24T14:00:30-07:00,0,11
styles.css,345,css,b03af21e,rhekacitra,2025-04-24,14:00:30,-07:00,2025-04-24T14:00:30-07:00,0,18
styles.css,346,css,b03af21e,rhekacitra,2025-04-24,14:00:30,-07:00,2025-04-24T14:00:30-07:00,0,16
styles.css,347,css,b03af21e,rhekacitra,2025-04-24,14:00:30,-07:00,2025-04-24T14:00:30-07:00,0,25
styles.css,348,css,b03af21e,rhekacitra,2025-04-24,14:00:30,-07:00,2025-04-24T14:00:30-07:00,0,30
styles.css,349,css,b03af21e,rhekacitra,2025-04-24,14:00:30,-07:00,2025-04-24T14:00:30-07:00,0,19
styles.css,350,css,b03af21e,rhekacitra,2025-04-24,14:00:30,-07:00,2025-04-24T14:00:30-07:00,0,0
styles.css,351,css,0c061160,rhekacitra,2025-04-18,17:18:15,-07:00,2025-04-18T17:18:15-07:00,0,0
styles.css,352,css,b03af21e,rhekacitra,2025-04-24,14:00:30,-07:00,2025-04-24T14:00:30-07:00,0,18
styles.css,353,css,b03af21e,rhekacitra,2025-04-24,14:00:30,-07:00,2025-04-24T14:00:30-07:00,0,11
styles.css,354,css,b03af21e,rhekacitra,2025-04-24,14:00:30,-07:00,2025-04-24T14:00:30-07:00,0,15
styles.css,355,css,b03af21e,rhekacitra,2025-04-24,14:00:30,-07:00,2025-04-24T14:00:30-07:00,0,9
styles.css,356,css,b03af21e,rhekacitra,2025-04-24,14:00:30,-07:00,2025-04-24T14:00:30-07:00,0,17
styles.css,357,css,b03af21e,rhekacitra,2025-04-24,14:00:30,-07:00,2025-04-24T14:00:30-07:00,0,11
styles.css,358,css,b03af21e,rhekacitra,2025-04-24,14:00:30,-07:00,2025-04-24T14:00:30-07:00,0,0
index.js,1,js,b03af21e,rhekacitra,2025-04-24,14:00:30,-07:00,2025-04-24T14:00:30-07:00,0,72
index.js,2,js,b03af21e,rhekacitra,2025-04-24,14:00:30,-07:00,2025-04-24T14:00:30-07:00,0,0
index.js,3,js,b03af21e,rhekacitra,2025-04-24,14:00:30,-07:00,2025-04-24T14:00:30-07:00,0,55
index.js,4,js,b03af21e,rhekacitra,2025-04-24,14:00:30,-07:00,2025-04-24T14:00:30-07:00,0,43
index.js,5,js,b03af21e,rhekacitra,2025-04-24,14:00:30,-07:00,2025-04-24T14:00:30-07:00,0,61
index.js,6,js,b03af21e,rhekacitra,2025-04-24,14:00:30,-07:00,2025-04-24T14:00:30-07:00,0,0
index.js,7,js,b03af21e,rhekacitra,2025-04-24,14:00:30,-07:00,2025-04-24T14:00:30-07:00,0,55
index.js,8,js,b03af21e,rhekacitra,2025-04-24,14:00:30,-07:00,2025-04-24T14:00:30-07:00,0,47
index.js,9,js,b03af21e,rhekacitra,2025-04-24,14:00:30,-07:00,2025-04-24T14:00:30-07:00,0,0
index.js,10,js,b03af21e,rhekacitra,2025-04-24,14:00:30,-07:00,2025-04-24T14:00:30-07:00,0,54
index.js,11,js,b03af21e,rhekacitra,2025-04-24,14:00:30,-07:00,2025-04-24T14:00:30-07:00,0,0
index.js,12,js,b03af21e,rhekacitra,2025-04-24,14:00:30,-07:00,2025-04-24T14:00:30-07:00,0,61
index.js,13,js,b03af21e,rhekacitra,2025-04-24,14:00:30,-07:00,2025-04-24T14:00:30-07:00,0,0
index.js,14,js,b03af21e,rhekacitra,2025-04-24,14:00:30,-07:00,2025-04-24T14:00:30-07:00,0,18
index.js,15,js,b03af21e,rhekacitra,2025-04-24,14:00:30,-07:00,2025-04-24T14:00:30-07:00,0,25
index.js,16,js,b03af21e,rhekacitra,2025-04-24,14:00:30,-07:00,2025-04-24T14:00:30-07:00,0,3
index.js,17,js,b03af21e,rhekacitra,2025-04-24,14:00:30,-07:00,2025-04-24T14:00:30-07:00,0,56
index.js,18,js,b03af21e,rhekacitra,2025-04-24,14:00:30,-07:00,2025-04-24T14:00:30-07:00,0,56
index.js,19,js,b03af21e,rhekacitra,2025-04-24,14:00:30,-07:00,2025-04-24T14:00:30-07:00,0,50
index.js,20,js,b03af21e,rhekacitra,2025-04-24,14:00:30,-07:00,2025-04-24T14:00:30-07:00,0,50
index.js,21,js,b03af21e,rhekacitra,2025-04-24,14:00:30,-07:00,2025-04-24T14:00:30-07:00,0,4
index.js,22,js,b03af21e,rhekacitra,2025-04-24,14:00:30,-07:00,2025-04-24T14:00:30-07:00,0,1
index.js,23,js,b03af21e,rhekacitra,2025-04-24,14:00:30,-07:00,2025-04-24T14:00:30-07:00,0,0
index.js,24,js,b03af21e,rhekacitra,2025-04-24,14:00:30,-07:00,2025-04-24T14:00:30-07:00,0,0
index.js,25,js,b03af21e,rhekacitra,2025-04-24,14:00:30,-07:00,2025-04-24T14:00:30-07:00,0,48
index.html,1,html,0386862c,rhekacitra,2025-04-02,21:09:12,-07:00,2025-04-02T21:09:12-07:00,0,14
index.html,2,html,0386862c,rhekacitra,2025-04-02,21:09:12,-07:00,2025-04-02T21:09:12-07:00,0,15
index.html,3,html,0386862c,rhekacitra,2025-04-02,21:09:12,-07:00,2025-04-02T21:09:12-07:00,0,5
index.html,4,html,0386862c,rhekacitra,2025-04-02,21:09:12,-07:00,2025-04-02T21:09:12-07:00,0,21
index.html,5,html,0386862c,rhekacitra,2025-04-02,21:09:12,-07:00,2025-04-02T21:09:12-07:00,0,69
index.html,6,html,e7caf4d1,rhekacitra,2025-04-03,13:26:51,-07:00,2025-04-03T13:26:51-07:00,0,40
index.html,7,html,33220e6e,rhekacitra,2025-04-18,11:11:36,-07:00,2025-04-18T11:11:36-07:00,0,46
index.html,8,html,28b22bc4,rhekacitra,2025-04-18,10:43:24,-07:00,2025-04-18T10:43:24-07:00,0,0
index.html,9,html,28b22bc4,rhekacitra,2025-04-18,10:43:24,-07:00,2025-04-18T10:43:24-07:00,0,58
index.html,10,html,28b22bc4,rhekacitra,2025-04-18,10:43:24,-07:00,2025-04-18T10:43:24-07:00,0,67
index.html,11,html,28b22bc4,rhekacitra,2025-04-18,10:43:24,-07:00,2025-04-18T10:43:24-07:00,0,89
index.html,12,html,28b22bc4,rhekacitra,2025-04-18,10:43:24,-07:00,2025-04-18T10:43:24-07:00,0,0
index.html,13,html,b03af21e,rhekacitra,2025-04-24,14:00:30,-07:00,2025-04-24T14:00:30-07:00,0,51
index.html,14,html,b03af21e,rhekacitra,2025-04-24,14:00:30,-07:00,2025-04-24T14:00:30-07:00,0,0
index.html,15,html,b03af21e,rhekacitra,2025-04-24,14:00:30,-07:00,2025-04-24T14:00:30-07:00,0,0
index.html,16,html,4614bd31,rhekacitra,2025-04-04,09:37:54,-07:00,2025-04-04T09:37:54-07:00,0,55
index.html,17,html,0386862c,rhekacitra,2025-04-02,21:09:12,-07:00,2025-04-02T21:09:12-07:00,0,6
index.html,18,html,0386862c,rhekacitra,2025-04-02,21:09:12,-07:00,2025-04-02T21:09:12-07:00,0,5
index.html,19,html,ff4e6833,rhekacitra,2025-04-10,10:34:19,-07:00,2025-04-10T10:34:19-07:00,0,17
index.html,20,html,ff4e6833,rhekacitra,2025-04-10,10:34:19,-07:00,2025-04-10T10:34:19-07:00,0,22
index.html,21,html,ff4e6833,rhekacitra,2025-04-10,10:34:19,-07:00,2025-04-10T10:34:19-07:00,0,73
index.html,22,html,ff4e6833,rhekacitra,2025-04-10,10:34:19,-07:00,2025-04-10T10:34:19-07:00,0,280
index.html,23,html,ff4e6833,rhekacitra,2025-04-10,10:34:19,-07:00,2025-04-10T10:34:19-07:00,0,88
index.html,24,html,ff4e6833,rhekacitra,2025-04-10,10:34:19,-07:00,2025-04-10T10:34:19-07:00,0,5
index.html,25,html,b03af21e,rhekacitra,2025-04-24,14:00:30,-07:00,2025-04-24T14:00:30-07:00,0,0
index.html,26,html,b03af21e,rhekacitra,2025-04-24,14:00:30,-07:00,2025-04-24T14:00:30-07:00,0,23
index.html,27,html,fa813ae9,rhekacitra,2025-04-26,14:52:21,-07:00,2025-04-26T14:52:21-07:00,0,0
index.html,28,html,b03af21e,rhekacitra,2025-04-24,14:00:30,-07:00,2025-04-24T14:00:30-07:00,0,21
index.html,29,html,b03af21e,rhekacitra,2025-04-24,14:00:30,-07:00,2025-04-24T14:00:30-07:00,0,5
index.html,30,html,b03af21e,rhekacitra,2025-04-24,14:00:30,-07:00,2025-04-24T14:00:30-07:00,0,0
index.html,31,html,b03af21e,rhekacitra,2025-04-24,14:00:30,-07:00,2025-04-24T14:00:30-07:00,0,20
index.html,32,html,b03af21e,rhekacitra,2025-04-24,14:00:30,-07:00,2025-04-24T14:00:30-07:00,0,0
index.html,33,html,fa813ae9,rhekacitra,2025-04-26,14:52:21,-07:00,2025-04-26T14:52:21-07:00,0,23
index.html,34,html,b03af21e,rhekacitra,2025-04-24,14:00:30,-07:00,2025-04-24T14:00:30-07:00,0,5
index.html,35,html,b03af21e,rhekacitra,2025-04-24,14:00:30,-07:00,2025-04-24T14:00:30-07:00,0,0
index.html,36,html,0386862c,rhekacitra,2025-04-02,21:09:12,-07:00,2025-04-02T21:09:12-07:00,0,6
index.html,37,html,a99bbf69,rhekacitra,2025-04-02,21:51:28,-07:00,2025-04-02T21:51:28-07:00,0,6
global.js,1,js,28b22bc4,rhekacitra,2025-04-18,10:43:24,-07:00,2025-04-18T10:43:24-07:00,0,26
global.js,2,js,28b22bc4,rhekacitra,2025-04-18,10:43:24,-07:00,2025-04-18T10:43:24-07:00,0,0
global.js,3,js,28b22bc4,rhekacitra,2025-04-18,10:43:24,-07:00,2025-04-18T10:43:24-07:00,0,42
global.js,4,js,28b22bc4,rhekacitra,2025-04-18,10:43:24,-07:00,2025-04-18T10:43:24-07:00,0,53
global.js,5,js,28b22bc4,rhekacitra,2025-04-18,10:43:24,-07:00,2025-04-18T10:43:24-07:00,0,0
global.js,6,js,28b22bc4,rhekacitra,2025-04-18,10:43:24,-07:00,2025-04-18T10:43:24-07:00,0,0
global.js,7,js,28b22bc4,rhekacitra,2025-04-18,10:43:24,-07:00,2025-04-18T10:43:24-07:00,0,29
global.js,8,js,28b22bc4,rhekacitra,2025-04-18,10:43:24,-07:00,2025-04-18T10:43:24-07:00,0,0
global.js,9,js,28b22bc4,rhekacitra,2025-04-18,10:43:24,-07:00,2025-04-18T10:43:24-07:00,0,34
global.js,10,js,28b22bc4,rhekacitra,2025-04-18,10:43:24,-07:00,2025-04-18T10:43:24-07:00,0,74
global.js,11,js,28b22bc4,rhekacitra,2025-04-18,10:43:24,-07:00,2025-04-18T10:43:24-07:00,0,4
global.js,12,js,28b22bc4,rhekacitra,2025-04-18,10:43:24,-07:00,2025-04-18T10:43:24-07:00,0,0
global.js,13,js,28b22bc4,rhekacitra,2025-04-18,10:43:24,-07:00,2025-04-18T10:43:24-07:00,0,39
global.js,14,js,28b22bc4,rhekacitra,2025-04-18,10:43:24,-07:00,2025-04-18T10:43:24-07:00,0,0
global.js,15,js,28b22bc4,rhekacitra,2025-04-18,10:43:24,-07:00,2025-04-18T10:43:24-07:00,0,40
global.js,16,js,28b22bc4,rhekacitra,2025-04-18,10:43:24,-07:00,2025-04-18T10:43:24-07:00,0,0
global.js,17,js,28b22bc4,rhekacitra,2025-04-18,10:43:24,-07:00,2025-04-18T10:43:24-07:00,0,12
global.js,18,js,28b22bc4,rhekacitra,2025-04-18,10:43:24,-07:00,2025-04-18T10:43:24-07:00,0,24
global.js,19,js,28b22bc4,rhekacitra,2025-04-18,10:43:24,-07:00,2025-04-18T10:43:24-07:00,0,37
global.js,20,js,28b22bc4,rhekacitra,2025-04-18,10:43:24,-07:00,2025-04-18T10:43:24-07:00,0,25
global.js,21,js,28b22bc4,rhekacitra,2025-04-18,10:43:24,-07:00,2025-04-18T10:43:24-07:00,0,35
global.js,22,js,28b22bc4,rhekacitra,2025-04-18,10:43:24,-07:00,2025-04-18T10:43:24-07:00,0,54
global.js,23,js,28b22bc4,rhekacitra,2025-04-18,10:43:24,-07:00,2025-04-18T10:43:24-07:00,0,0
global.js,24,js,28b22bc4,rhekacitra,2025-04-18,10:43:24,-07:00,2025-04-18T10:43:24-07:00,0,0
global.js,25,js,3641a089,rhekacitra,2025-04-18,12:02:39,-07:00,2025-04-18T12:02:39-07:00,0,39
global.js,26,js,3641a089,rhekacitra,2025-04-18,12:02:39,-07:00,2025-04-18T12:02:39-07:00,0,26
global.js,27,js,3641a089,rhekacitra,2025-04-18,12:02:39,-07:00,2025-04-18T12:02:39-07:00,0,0
global.js,28,js,32447603,rhekacitra,2025-04-18,12:19:46,-07:00,2025-04-18T12:19:46-07:00,0,51
global.js,29,js,32447603,rhekacitra,2025-04-18,12:19:46,-07:00,2025-04-18T12:19:46-07:00,0,89
global.js,30,js,32447603,rhekacitra,2025-04-18,12:19:46,-07:00,2025-04-18T12:19:46-07:00,0,17
global.js,31,js,32447603,rhekacitra,2025-04-18,12:19:46,-07:00,2025-04-18T12:19:46-07:00,0,49
global.js,32,js,32447603,rhekacitra,2025-04-18,12:19:46,-07:00,2025-04-18T12:19:46-07:00,0,0
global.js,33,js,32447603,rhekacitra,2025-04-18,12:19:46,-07:00,2025-04-18T12:19:46-07:00,0,49
global.js,34,js,32447603,rhekacitra,2025-04-18,12:19:46,-07:00,2025-04-18T12:19:46-07:00,0,21
global.js,35,js,32447603,rhekacitra,2025-04-18,12:19:46,-07:00,2025-04-18T12:19:46-07:00,0,15
global.js,36,js,32447603,rhekacitra,2025-04-18,12:19:46,-07:00,2025-04-18T12:19:46-07:00,0,29
global.js,37,js,32447603,rhekacitra,2025-04-18,12:19:46,-07:00,2025-04-18T12:19:46-07:00,0,21
global.js,38,js,32447603,rhekacitra,2025-04-18,12:19:46,-07:00,2025-04-18T12:19:46-07:00,0,0
global.js,39,js,32447603,rhekacitra,2025-04-18,12:19:46,-07:00,2025-04-18T12:19:46-07:00,0,0
global.js,40,js,32447603,rhekacitra,2025-04-18,12:19:46,-07:00,2025-04-18T12:19:46-07:00,0,35
global.js,41,js,32447603,rhekacitra,2025-04-18,12:19:46,-07:00,2025-04-18T12:19:46-07:00,0,12
global.js,42,js,32447603,rhekacitra,2025-04-18,12:19:46,-07:00,2025-04-18T12:19:46-07:00,0,23
global.js,43,js,32447603,rhekacitra,2025-04-18,12:19:46,-07:00,2025-04-18T12:19:46-07:00,0,0
global.js,44,js,32447603,rhekacitra,2025-04-18,12:19:46,-07:00,2025-04-18T12:19:46-07:00,0,34
global.js,45,js,32447603,rhekacitra,2025-04-18,12:19:46,-07:00,2025-04-18T12:19:46-07:00,0,18
global.js,46,js,32447603,rhekacitra,2025-04-18,12:19:46,-07:00,2025-04-18T12:19:46-07:00,0,9
global.js,47,js,32447603,rhekacitra,2025-04-18,12:19:46,-07:00,2025-04-18T12:19:46-07:00,0,59
global.js,48,js,32447603,rhekacitra,2025-04-18,12:19:46,-07:00,2025-04-18T12:19:46-07:00,0,1
global.js,49,js,32447603,rhekacitra,2025-04-18,12:19:46,-07:00,2025-04-18T12:19:46-07:00,0,0
global.js,50,js,32447603,rhekacitra,2025-04-18,12:19:46,-07:00,2025-04-18T12:19:46-07:00,0,32
global.js,51,js,32447603,rhekacitra,2025-04-18,12:19:46,-07:00,2025-04-18T12:19:46-07:00,0,30
global.js,52,js,32447603,rhekacitra,2025-04-18,12:19:46,-07:00,2025-04-18T12:19:46-07:00,0,19
global.js,53,js,32447603,rhekacitra,2025-04-18,12:19:46,-07:00,2025-04-18T12:19:46-07:00,0,0
global.js,54,js,32447603,rhekacitra,2025-04-18,12:19:46,-07:00,2025-04-18T12:19:46-07:00,0,0
global.js,55,js,32447603,rhekacitra,2025-04-18,12:19:46,-07:00,2025-04-18T12:19:46-07:00,0,13
global.js,56,js,32447603,rhekacitra,2025-04-18,12:19:46,-07:00,2025-04-18T12:19:46-07:00,0,0
global.js,57,js,32447603,rhekacitra,2025-04-18,12:19:46,-07:00,2025-04-18T12:19:46-07:00,0,0
global.js,58,js,3641a089,rhekacitra,2025-04-18,12:02:39,-07:00,2025-04-18T12:02:39-07:00,0,24
global.js,59,js,3641a089,rhekacitra,2025-04-18,12:02:39,-07:00,2025-04-18T12:02:39-07:00,0,22
global.js,60,js,3641a089,rhekacitra,2025-04-18,12:02:39,-07:00,2025-04-18T12:02:39-07:00,0,26
global.js,61,js,3641a089,rhekacitra,2025-04-18,12:02:39,-07:00,2025-04-18T12:02:39-07:00,0,78
global.js,62,js,3641a089,rhekacitra,2025-04-18,12:02:39,-07:00,2025-04-18T12:02:39-07:00,0,0
global.js,63,js,3641a089,rhekacitra,2025-04-18,12:02:39,-07:00,2025-04-18T12:02:39-07:00,0,36
global.js,64,js,3641a089,rhekacitra,2025-04-18,12:02:39,-07:00,2025-04-18T12:02:39-07:00,0,32
global.js,65,js,3641a089,rhekacitra,2025-04-18,12:02:39,-07:00,2025-04-18T12:02:39-07:00,0,7
global.js,66,js,3641a089,rhekacitra,2025-04-18,12:02:39,-07:00,2025-04-18T12:02:39-07:00,0,0
global.js,67,js,3641a089,rhekacitra,2025-04-18,12:02:39,-07:00,2025-04-18T12:02:39-07:00,0,42
global.js,68,js,3641a089,rhekacitra,2025-04-18,12:02:39,-07:00,2025-04-18T12:02:39-07:00,0,19
global.js,69,js,3641a089,rhekacitra,2025-04-18,12:02:39,-07:00,2025-04-18T12:02:39-07:00,0,28
global.js,70,js,3641a089,rhekacitra,2025-04-18,12:02:39,-07:00,2025-04-18T12:02:39-07:00,0,0
global.js,71,js,3641a089,rhekacitra,2025-04-18,12:02:39,-07:00,2025-04-18T12:02:39-07:00,0,98
global.js,72,js,3641a089,rhekacitra,2025-04-18,12:02:39,-07:00,2025-04-18T12:02:39-07:00,0,0
global.js,73,js,3641a089,rhekacitra,2025-04-18,12:02:39,-07:00,2025-04-18T12:02:39-07:00,0,37
global.js,74,js,3641a089,rhekacitra,2025-04-18,12:02:39,-07:00,2025-04-18T12:02:39-07:00,0,30
global.js,75,js,3641a089,rhekacitra,2025-04-18,12:02:39,-07:00,2025-04-18T12:02:39-07:00,0,7
global.js,76,js,3641a089,rhekacitra,2025-04-18,12:02:39,-07:00,2025-04-18T12:02:39-07:00,0,0
global.js,77,js,3641a089,rhekacitra,2025-04-18,12:02:39,-07:00,2025-04-18T12:02:39-07:00,0,20
global.js,78,js,3641a089,rhekacitra,2025-04-18,12:02:39,-07:00,2025-04-18T12:02:39-07:00,0,0
global.js,79,js,3641a089,rhekacitra,2025-04-18,12:02:39,-07:00,2025-04-18T12:02:39-07:00,0,3
global.js,80,js,3641a089,rhekacitra,2025-04-18,12:02:39,-07:00,2025-04-18T12:02:39-07:00,0,0
global.js,81,js,32447603,rhekacitra,2025-04-18,12:19:46,-07:00,2025-04-18T12:19:46-07:00,0,24
global.js,82,js,32447603,rhekacitra,2025-04-18,12:19:46,-07:00,2025-04-18T12:19:46-07:00,0,22
global.js,83,js,32447603,rhekacitra,2025-04-18,12:19:46,-07:00,2025-04-18T12:19:46-07:00,0,36
global.js,84,js,32447603,rhekacitra,2025-04-18,12:19:46,-07:00,2025-04-18T12:19:46-07:00,0,30
global.js,85,js,32447603,rhekacitra,2025-04-18,12:19:46,-07:00,2025-04-18T12:19:46-07:00,0,7
global.js,86,js,3718d479,rhekacitra,2025-04-18,11:15:53,-07:00,2025-04-18T11:15:53-07:00,0,0
global.js,87,js,32447603,rhekacitra,2025-04-18,12:19:46,-07:00,2025-04-18T12:19:46-07:00,0,42
global.js,88,js,32447603,rhekacitra,2025-04-18,12:19:46,-07:00,2025-04-18T12:19:46-07:00,0,19
global.js,89,js,32447603,rhekacitra,2025-04-18,12:19:46,-07:00,2025-04-18T12:19:46-07:00,0,30
global.js,90,js,3718d479,rhekacitra,2025-04-18,11:15:53,-07:00,2025-04-18T11:15:53-07:00,0,0
global.js,91,js,32447603,rhekacitra,2025-04-18,12:19:46,-07:00,2025-04-18T12:19:46-07:00,0,31
global.js,92,js,32447603,rhekacitra,2025-04-18,12:19:46,-07:00,2025-04-18T12:19:46-07:00,0,25
global.js,93,js,32447603,rhekacitra,2025-04-18,12:19:46,-07:00,2025-04-18T12:19:46-07:00,0,18
global.js,94,js,32447603,rhekacitra,2025-04-18,12:19:46,-07:00,2025-04-18T12:19:46-07:00,0,68
global.js,95,js,32447603,rhekacitra,2025-04-18,12:19:46,-07:00,2025-04-18T12:19:46-07:00,0,8
global.js,96,js,3718d479,rhekacitra,2025-04-18,11:15:53,-07:00,2025-04-18T11:15:53-07:00,0,0
global.js,97,js,32447603,rhekacitra,2025-04-18,12:19:46,-07:00,2025-04-18T12:19:46-07:00,0,39
global.js,98,js,32447603,rhekacitra,2025-04-18,12:19:46,-07:00,2025-04-18T12:19:46-07:00,0,37
global.js,99,js,32447603,rhekacitra,2025-04-18,12:19:46,-07:00,2025-04-18T12:19:46-07:00,0,28
global.js,100,js,32447603,rhekacitra,2025-04-18,12:19:46,-07:00,2025-04-18T12:19:46-07:00,0,7
global.js,101,js,3718d479,rhekacitra,2025-04-18,11:15:53,-07:00,2025-04-18T11:15:53-07:00,0,0
global.js,102,js,32447603,rhekacitra,2025-04-18,12:19:46,-07:00,2025-04-18T12:19:46-07:00,0,20
global.js,103,js,32447603,rhekacitra,2025-04-18,12:19:46,-07:00,2025-04-18T12:19:46-07:00,0,5
global.js,104,js,3718d479,rhekacitra,2025-04-18,11:15:53,-07:00,2025-04-18T11:15:53-07:00,0,0
global.js,105,js,28b22bc4,rhekacitra,2025-04-18,10:43:24,-07:00,2025-04-18T10:43:24-07:00,0,32
global.js,106,js,28b22bc4,rhekacitra,2025-04-18,10:43:24,-07:00,2025-04-18T10:43:24-07:00,0,12
global.js,107,js,28b22bc4,rhekacitra,2025-04-18,10:43:24,-07:00,2025-04-18T10:43:24-07:00,0,0
global.js,108,js,28b22bc4,rhekacitra,2025-04-18,10:43:24,-07:00,2025-04-18T10:43:24-07:00,0,27
global.js,109,js,28b22bc4,rhekacitra,2025-04-18,10:43:24,-07:00,2025-04-18T10:43:24-07:00,0,5
global.js,110,js,28b22bc4,rhekacitra,2025-04-18,10:43:24,-07:00,2025-04-18T10:43:24-07:00,0,7
global.js,111,js,28b22bc4,rhekacitra,2025-04-18,10:43:24,-07:00,2025-04-18T10:43:24-07:00,0,44
global.js,112,js,28b22bc4,rhekacitra,2025-04-18,10:43:24,-07:00,2025-04-18T10:43:24-07:00,0,35
global.js,113,js,28b22bc4,rhekacitra,2025-04-18,10:43:24,-07:00,2025-04-18T10:43:24-07:00,0,33
global.js,114,js,28b22bc4,rhekacitra,2025-04-18,10:43:24,-07:00,2025-04-18T10:43:24-07:00,0,8
global.js,115,js,28b22bc4,rhekacitra,2025-04-18,10:43:24,-07:00,2025-04-18T10:43:24-07:00,0,7
global.js,116,js,28b22bc4,rhekacitra,2025-04-18,10:43:24,-07:00,2025-04-18T10:43:24-07:00,0,2
global.js,117,js,28b22bc4,rhekacitra,2025-04-18,10:43:24,-07:00,2025-04-18T10:43:24-07:00,0,0
global.js,118,js,28b22bc4,rhekacitra,2025-04-18,10:43:24,-07:00,2025-04-18T10:43:24-07:00,0,47
global.js,119,js,28b22bc4,rhekacitra,2025-04-18,10:43:24,-07:00,2025-04-18T10:43:24-07:00,0,0
global.js,120,js,28b22bc4,rhekacitra,2025-04-18,10:43:24,-07:00,2025-04-18T10:43:24-07:00,0,35
global.js,121,js,28b22bc4,rhekacitra,2025-04-18,10:43:24,-07:00,2025-04-18T10:43:24-07:00,0,84
global.js,122,js,28b22bc4,rhekacitra,2025-04-18,10:43:24,-07:00,2025-04-18T10:43:24-07:00,0,0
global.js,123,js,28b22bc4,rhekacitra,2025-04-18,10:43:24,-07:00,2025-04-18T10:43:24-07:00,0,39
global.js,124,js,28b22bc4,rhekacitra,2025-04-18,10:43:24,-07:00,2025-04-18T10:43:24-07:00,0,0
global.js,125,js,28b22bc4,rhekacitra,2025-04-18,10:43:24,-07:00,2025-04-18T10:43:24-07:00,0,0
global.js,126,js,28b22bc4,rhekacitra,2025-04-18,10:43:24,-07:00,2025-04-18T10:43:24-07:00,0,50
global.js,127,js,28b22bc4,rhekacitra,2025-04-18,10:43:24,-07:00,2025-04-18T10:43:24-07:00,0,58
global.js,128,js,28b22bc4,rhekacitra,2025-04-18,10:43:24,-07:00,2025-04-18T10:43:24-07:00,0,78
global.js,129,js,28b22bc4,rhekacitra,2025-04-18,10:43:24,-07:00,2025-04-18T10:43:24-07:00,0,45
global.js,130,js,28b22bc4,rhekacitra,2025-04-18,10:43:24,-07:00,2025-04-18T10:43:24-07:00,0,0
global.js,131,js,28b22bc4,rhekacitra,2025-04-18,10:43:24,-07:00,2025-04-18T10:43:24-07:00,0,2
global.js,132,js,28b22bc4,rhekacitra,2025-04-18,10:43:24,-07:00,2025-04-18T10:43:24-07:00,0,0
global.js,133,js,0c061160,rhekacitra,2025-04-18,17:18:15,-07:00,2025-04-18T17:18:15-07:00,0,0
global.js,134,js,28b22bc4,rhekacitra,2025-04-18,10:43:24,-07:00,2025-04-18T10:43:24-07:00,0,43
global.js,135,js,28b22bc4,rhekacitra,2025-04-18,10:43:24,-07:00,2025-04-18T10:43:24-07:00,0,0
global.js,136,js,28b22bc4,rhekacitra,2025-04-18,10:43:24,-07:00,2025-04-18T10:43:24-07:00,0,50
global.js,137,js,28b22bc4,rhekacitra,2025-04-18,10:43:24,-07:00,2025-04-18T10:43:24-07:00,0,22
global.js,138,js,28b22bc4,rhekacitra,2025-04-18,10:43:24,-07:00,2025-04-18T10:43:24-07:00,0,0
global.js,139,js,28b22bc4,rhekacitra,2025-04-18,10:43:24,-07:00,2025-04-18T10:43:24-07:00,0,31
global.js,140,js,28b22bc4,rhekacitra,2025-04-18,10:43:24,-07:00,2025-04-18T10:43:24-07:00,0,0
global.js,141,js,28b22bc4,rhekacitra,2025-04-18,10:43:24,-07:00,2025-04-18T10:43:24-07:00,0,27
global.js,142,js,28b22bc4,rhekacitra,2025-04-18,10:43:24,-07:00,2025-04-18T10:43:24-07:00,0,0
global.js,143,js,28b22bc4,rhekacitra,2025-04-18,10:43:24,-07:00,2025-04-18T10:43:24-07:00,0,32
global.js,144,js,28b22bc4,rhekacitra,2025-04-18,10:43:24,-07:00,2025-04-18T10:43:24-07:00,0,46
global.js,145,js,28b22bc4,rhekacitra,2025-04-18,10:43:24,-07:00,2025-04-18T10:43:24-07:00,0,24
global.js,146,js,28b22bc4,rhekacitra,2025-04-18,10:43:24,-07:00,2025-04-18T10:43:24-07:00,0,0
global.js,147,js,28b22bc4,rhekacitra,2025-04-18,10:43:24,-07:00,2025-04-18T10:43:24-07:00,0,0
global.js,148,js,28b22bc4,rhekacitra,2025-04-18,10:43:24,-07:00,2025-04-18T10:43:24-07:00,0,22
global.js,149,js,28b22bc4,rhekacitra,2025-04-18,10:43:24,-07:00,2025-04-18T10:43:24-07:00,0,0
global.js,150,js,28b22bc4,rhekacitra,2025-04-18,10:43:24,-07:00,2025-04-18T10:43:24-07:00,0,16
global.js,151,js,28b22bc4,rhekacitra,2025-04-18,10:43:24,-07:00,2025-04-18T10:43:24-07:00,0,0
global.js,152,js,28b22bc4,rhekacitra,2025-04-18,10:43:24,-07:00,2025-04-18T10:43:24-07:00,0,19
global.js,153,js,28b22bc4,rhekacitra,2025-04-18,10:43:24,-07:00,2025-04-18T10:43:24-07:00,0,2
global.js,154,js,b03af21e,rhekacitra,2025-04-24,14:00:30,-07:00,2025-04-24T14:00:30-07:00,0,0
global.js,155,js,b03af21e,rhekacitra,2025-04-24,14:00:30,-07:00,2025-04-24T14:00:30-07:00,0,37
global.js,156,js,b03af21e,rhekacitra,2025-04-24,14:00:30,-07:00,2025-04-24T14:00:30-07:00,0,4
global.js,157,js,b03af21e,rhekacitra,2025-04-24,14:00:30,-07:00,2025-04-24T14:00:30-07:00,0,40
global.js,158,js,b03af21e,rhekacitra,2025-04-24,14:00:30,-07:00,2025-04-24T14:00:30-07:00,0,33
global.js,159,js,b03af21e,rhekacitra,2025-04-24,14:00:30,-07:00,2025-04-24T14:00:30-07:00,0,20
global.js,160,js,b03af21e,rhekacitra,2025-04-24,14:00:30,-07:00,2025-04-24T14:00:30-07:00,0,0
global.js,161,js,b03af21e,rhekacitra,2025-04-24,14:00:30,-07:00,2025-04-24T14:00:30-07:00,0,18
global.js,162,js,b03af21e,rhekacitra,2025-04-24,14:00:30,-07:00,2025-04-24T14:00:30-07:00,0,67
global.js,163,js,b03af21e,rhekacitra,2025-04-24,14:00:30,-07:00,2025-04-24T14:00:30-07:00,0,0
global.js,164,js,b03af21e,rhekacitra,2025-04-24,14:00:30,-07:00,2025-04-24T14:00:30-07:00,0,0
global.js,165,js,b03af21e,rhekacitra,2025-04-24,14:00:30,-07:00,2025-04-24T14:00:30-07:00,0,34
global.js,166,js,b03af21e,rhekacitra,2025-04-24,14:00:30,-07:00,2025-04-24T14:00:30-07:00,0,11
global.js,167,js,b03af21e,rhekacitra,2025-04-24,14:00:30,-07:00,2025-04-24T14:00:30-07:00,0,0
global.js,168,js,b03af21e,rhekacitra,2025-04-24,14:00:30,-07:00,2025-04-24T14:00:30-07:00,0,16
global.js,169,js,b03af21e,rhekacitra,2025-04-24,14:00:30,-07:00,2025-04-24T14:00:30-07:00,0,60
global.js,170,js,b03af21e,rhekacitra,2025-04-24,14:00:30,-07:00,2025-04-24T14:00:30-07:00,0,0
global.js,171,js,b03af21e,rhekacitra,2025-04-24,14:00:30,-07:00,2025-04-24T14:00:30-07:00,0,0
global.js,172,js,b03af21e,rhekacitra,2025-04-24,14:00:30,-07:00,2025-04-24T14:00:30-07:00,0,0
global.js,173,js,b03af21e,rhekacitra,2025-04-24,14:00:30,-07:00,2025-04-24T14:00:30-07:00,0,80
global.js,174,js,b03af21e,rhekacitra,2025-04-24,14:00:30,-07:00,2025-04-24T14:00:30-07:00,0,61
global.js,175,js,b03af21e,rhekacitra,2025-04-24,14:00:30,-07:00,2025-04-24T14:00:30-07:00,0,0
global.js,176,js,b03af21e,rhekacitra,2025-04-24,14:00:30,-07:00,2025-04-24T14:00:30-07:00,0,30
global.js,177,js,b03af21e,rhekacitra,2025-04-24,14:00:30,-07:00,2025-04-24T14:00:30-07:00,0,62
global.js,178,js,b03af21e,rhekacitra,2025-04-24,14:00:30,-07:00,2025-04-24T14:00:30-07:00,0,6
global.js,179,js,b03af21e,rhekacitra,2025-04-24,14:00:30,-07:00,2025-04-24T14:00:30-07:00,0,0
global.js,180,js,b03af21e,rhekacitra,2025-04-24,14:00:30,-07:00,2025-04-24T14:00:30-07:00,0,0
global.js,181,js,b03af21e,rhekacitra,2025-04-24,14:00:30,-07:00,2025-04-24T14:00:30-07:00,0,48
global.js,182,js,b03af21e,rhekacitra,2025-04-24,14:00:30,-07:00,2025-04-24T14:00:30-07:00,0,58
global.js,183,js,b03af21e,rhekacitra,2025-04-24,14:00:30,-07:00,2025-04-24T14:00:30-07:00,0,6
global.js,184,js,b03af21e,rhekacitra,2025-04-24,14:00:30,-07:00,2025-04-24T14:00:30-07:00,0,0
global.js,185,js,b03af21e,rhekacitra,2025-04-24,14:00:30,-07:00,2025-04-24T14:00:30-07:00,0,0
global.js,186,js,b03af21e,rhekacitra,2025-04-24,14:00:30,-07:00,2025-04-24T14:00:30-07:00,0,63
global.js,187,js,b03af21e,rhekacitra,2025-04-24,14:00:30,-07:00,2025-04-24T14:00:30-07:00,0,48
global.js,188,js,b03af21e,rhekacitra,2025-04-24,14:00:30,-07:00,2025-04-24T14:00:30-07:00,0,91
global.js,189,js,b03af21e,rhekacitra,2025-04-24,14:00:30,-07:00,2025-04-24T14:00:30-07:00,0,19
global.js,190,js,b03af21e,rhekacitra,2025-04-24,14:00:30,-07:00,2025-04-24T14:00:30-07:00,0,0
global.js,191,js,b03af21e,rhekacitra,2025-04-24,14:00:30,-07:00,2025-04-24T14:00:30-07:00,0,0
global.js,192,js,b03af21e,rhekacitra,2025-04-24,14:00:30,-07:00,2025-04-24T14:00:30-07:00,0,0
global.js,193,js,b03af21e,rhekacitra,2025-04-24,14:00:30,-07:00,2025-04-24T14:00:30-07:00,0,30
global.js,194,js,b03af21e,rhekacitra,2025-04-24,14:00:30,-07:00,2025-04-24T14:00:30-07:00,0,49
global.js,195,js,b03af21e,rhekacitra,2025-04-24,14:00:30,-07:00,2025-04-24T14:00:30-07:00,0,20
global.js,196,js,b03af21e,rhekacitra,2025-04-24,14:00:30,-07:00,2025-04-24T14:00:30-07:00,0,24
global.js,197,js,b03af21e,rhekacitra,2025-04-24,14:00:30,-07:00,2025-04-24T14:00:30-07:00,0,50
global.js,198,js,9d2d3f1a,rhekacitra,2025-05-02,22:30:51,-07:00,2025-05-02T22:30:51-07:00,0,4
global.js,199,js,9d2d3f1a,rhekacitra,2025-05-02,22:30:51,-07:00,2025-05-02T22:30:51-07:00,0,28
global.js,200,js,9d2d3f1a,rhekacitra,2025-05-02,22:30:51,-07:00,2025-05-02T22:30:51-07:00,0,28
global.js,201,js,9d2d3f1a,rhekacitra,2025-05-02,22:30:51,-07:00,2025-05-02T22:30:51-07:00,0,5
global.js,202,js,b03af21e,rhekacitra,2025-04-24,14:00:30,-07:00,2025-04-24T14:00:30-07:00,0,1
global.js,203,js,b03af21e,rhekacitra,2025-04-24,14:00:30,-07:00,2025-04-24T14:00:30-07:00,0,37
global.js,204,js,b03af21e,rhekacitra,2025-04-24,14:00:30,-07:00,2025-04-24T14:00:30-07:00,0,0
global.js,205,js,b03af21e,rhekacitra,2025-04-24,14:00:30,-07:00,2025-04-24T14:00:30-07:00,0,0
global.js,206,js,b03af21e,rhekacitra,2025-04-24,14:00:30,-07:00,2025-04-24T14:00:30-07:00,0,0
global.js,207,js,b03af21e,rhekacitra,2025-04-24,14:00:30,-07:00,2025-04-24T14:00:30-07:00,0,63
global.js,208,js,b03af21e,rhekacitra,2025-04-24,14:00:30,-07:00,2025-04-24T14:00:30-07:00,0,60
global.js,209,js,b03af21e,rhekacitra,2025-04-24,14:00:30,-07:00,2025-04-24T14:00:30-07:00,0,0
global.js,210,js,b03af21e,rhekacitra,2025-04-24,14:00:30,-07:00,2025-04-24T14:00:30-07:00,0,0
global.js,211,js,b03af21e,rhekacitra,2025-04-24,14:00:30,-07:00,2025-04-24T14:00:30-07:00,0,0
projects/projects.js,1,js,8a6f5a05,Rheka Narwastu,2025-05-02,18:06:41,-07:00,2025-05-02T18:06:41-07:00,0,64
projects/projects.js,2,js,b03af21e,rhekacitra,2025-04-24,14:00:30,-07:00,2025-04-24T14:00:30-07:00,0,56
projects/projects.js,3,js,b03af21e,rhekacitra,2025-04-24,14:00:30,-07:00,2025-04-24T14:00:30-07:00,0,0
projects/projects.js,4,js,b03af21e,rhekacitra,2025-04-24,14:00:30,-07:00,2025-04-24T14:00:30-07:00,0,56
projects/projects.js,5,js,b03af21e,rhekacitra,2025-04-24,14:00:30,-07:00,2025-04-24T14:00:30-07:00,0,61
projects/projects.js,6,js,8a6f5a05,Rheka Narwastu,2025-05-02,18:06:41,-07:00,2025-05-02T18:06:41-07:00,0,56
projects/projects.js,7,js,8a6f5a05,Rheka Narwastu,2025-05-02,18:06:41,-07:00,2025-05-02T18:06:41-07:00,0,0
projects/projects.js,8,js,8a6f5a05,Rheka Narwastu,2025-05-02,18:06:41,-07:00,2025-05-02T18:06:41-07:00,0,14
projects/projects.js,9,js,8a6f5a05,Rheka Narwastu,2025-05-02,18:06:41,-07:00,2025-05-02T18:06:41-07:00,0,22
projects/projects.js,10,js,b03af21e,rhekacitra,2025-04-24,14:00:30,-07:00,2025-04-24T14:00:30-07:00,0,0
projects/projects.js,11,js,b03af21e,rhekacitra,2025-04-24,14:00:30,-07:00,2025-04-24T14:00:30-07:00,0,49
projects/projects.js,12,js,8a6f5a05,Rheka Narwastu,2025-05-02,18:06:41,-07:00,2025-05-02T18:06:41-07:00,0,24
projects/projects.js,13,js,8a6f5a05,Rheka Narwastu,2025-05-02,18:06:41,-07:00,2025-05-02T18:06:41-07:00,0,0
projects/projects.js,14,js,8a6f5a05,Rheka Narwastu,2025-05-02,18:06:41,-07:00,2025-05-02T18:06:41-07:00,0,35
projects/projects.js,15,js,8a6f5a05,Rheka Narwastu,2025-05-02,18:06:41,-07:00,2025-05-02T18:06:41-07:00,0,33
projects/projects.js,16,js,8a6f5a05,Rheka Narwastu,2025-05-02,18:06:41,-07:00,2025-05-02T18:06:41-07:00,0,36
projects/projects.js,17,js,8a6f5a05,Rheka Narwastu,2025-05-02,18:06:41,-07:00,2025-05-02T18:06:41-07:00,0,62
projects/projects.js,18,js,8a6f5a05,Rheka Narwastu,2025-05-02,18:06:41,-07:00,2025-05-02T18:06:41-07:00,0,43
projects/projects.js,19,js,8a6f5a05,Rheka Narwastu,2025-05-02,18:06:41,-07:00,2025-05-02T18:06:41-07:00,0,2
projects/projects.js,20,js,8a6f5a05,Rheka Narwastu,2025-05-02,18:06:41,-07:00,2025-05-02T18:06:41-07:00,0,0
projects/projects.js,21,js,8a6f5a05,Rheka Narwastu,2025-05-02,18:06:41,-07:00,2025-05-02T18:06:41-07:00,0,0
projects/projects.js,22,js,8a6f5a05,Rheka Narwastu,2025-05-02,18:06:41,-07:00,2025-05-02T18:06:41-07:00,0,39
projects/projects.js,23,js,8a6f5a05,Rheka Narwastu,2025-05-02,18:06:41,-07:00,2025-05-02T18:06:41-07:00,0,28
projects/projects.js,24,js,8a6f5a05,Rheka Narwastu,2025-05-02,18:06:41,-07:00,2025-05-02T18:06:41-07:00,0,30
projects/projects.js,25,js,8a6f5a05,Rheka Narwastu,2025-05-02,18:06:41,-07:00,2025-05-02T18:06:41-07:00,0,0
projects/projects.js,26,js,8a6f5a05,Rheka Narwastu,2025-05-02,18:06:41,-07:00,2025-05-02T18:06:41-07:00,0,35
projects/projects.js,27,js,8a6f5a05,Rheka Narwastu,2025-05-02,18:06:41,-07:00,2025-05-02T18:06:41-07:00,0,31
projects/projects.js,28,js,8a6f5a05,Rheka Narwastu,2025-05-02,18:06:41,-07:00,2025-05-02T18:06:41-07:00,0,0
projects/projects.js,29,js,8a6f5a05,Rheka Narwastu,2025-05-02,18:06:41,-07:00,2025-05-02T18:06:41-07:00,0,29
projects/projects.js,30,js,8a6f5a05,Rheka Narwastu,2025-05-02,18:06:41,-07:00,2025-05-02T18:06:41-07:00,0,13
projects/projects.js,31,js,8a6f5a05,Rheka Narwastu,2025-05-02,18:06:41,-07:00,2025-05-02T18:06:41-07:00,0,15
projects/projects.js,32,js,8a6f5a05,Rheka Narwastu,2025-05-02,18:06:41,-07:00,2025-05-02T18:06:41-07:00,0,12
projects/projects.js,33,js,8a6f5a05,Rheka Narwastu,2025-05-02,18:06:41,-07:00,2025-05-02T18:06:41-07:00,0,1
projects/projects.js,34,js,8a6f5a05,Rheka Narwastu,2025-05-02,18:06:41,-07:00,2025-05-02T18:06:41-07:00,0,0
projects/projects.js,35,js,8a6f5a05,Rheka Narwastu,2025-05-02,18:06:41,-07:00,2025-05-02T18:06:41-07:00,0,48
projects/projects.js,36,js,8a6f5a05,Rheka Narwastu,2025-05-02,18:06:41,-07:00,2025-05-02T18:06:41-07:00,0,11
projects/projects.js,37,js,8a6f5a05,Rheka Narwastu,2025-05-02,18:06:41,-07:00,2025-05-02T18:06:41-07:00,0,11
projects/projects.js,38,js,8a6f5a05,Rheka Narwastu,2025-05-02,18:06:41,-07:00,2025-05-02T18:06:41-07:00,0,3
projects/projects.js,39,js,8a6f5a05,Rheka Narwastu,2025-05-02,18:06:41,-07:00,2025-05-02T18:06:41-07:00,0,0
projects/projects.js,40,js,8a6f5a05,Rheka Narwastu,2025-05-02,18:06:41,-07:00,2025-05-02T18:06:41-07:00,0,29
projects/projects.js,41,js,8a6f5a05,Rheka Narwastu,2025-05-02,18:06:41,-07:00,2025-05-02T18:06:41-07:00,0,0
projects/projects.js,42,js,8a6f5a05,Rheka Narwastu,2025-05-02,18:06:41,-07:00,2025-05-02T18:06:41-07:00,0,60
projects/projects.js,43,js,8a6f5a05,Rheka Narwastu,2025-05-02,18:06:41,-07:00,2025-05-02T18:06:41-07:00,0,53
projects/projects.js,44,js,8a6f5a05,Rheka Narwastu,2025-05-02,18:06:41,-07:00,2025-05-02T18:06:41-07:00,0,36
projects/projects.js,45,js,8a6f5a05,Rheka Narwastu,2025-05-02,18:06:41,-07:00,2025-05-02T18:06:41-07:00,0,48
projects/projects.js,46,js,8a6f5a05,Rheka Narwastu,2025-05-02,18:06:41,-07:00,2025-05-02T18:06:41-07:00,0,0
projects/projects.js,47,js,8a6f5a05,Rheka Narwastu,2025-05-02,18:06:41,-07:00,2025-05-02T18:06:41-07:00,0,48
projects/projects.js,48,js,8a6f5a05,Rheka Narwastu,2025-05-02,18:06:41,-07:00,2025-05-02T18:06:41-07:00,0,0
projects/projects.js,49,js,8a6f5a05,Rheka Narwastu,2025-05-02,18:06:41,-07:00,2025-05-02T18:06:41-07:00,0,25
projects/projects.js,50,js,8a6f5a05,Rheka Narwastu,2025-05-02,18:06:41,-07:00,2025-05-02T18:06:41-07:00,0,2
projects/projects.js,51,js,8a6f5a05,Rheka Narwastu,2025-05-02,18:06:41,-07:00,2025-05-02T18:06:41-07:00,0,14
projects/projects.js,52,js,8a6f5a05,Rheka Narwastu,2025-05-02,18:06:41,-07:00,2025-05-02T18:06:41-07:00,0,14
projects/projects.js,53,js,8a6f5a05,Rheka Narwastu,2025-05-02,18:06:41,-07:00,2025-05-02T18:06:41-07:00,0,37
projects/projects.js,54,js,8a6f5a05,Rheka Narwastu,2025-05-02,18:06:41,-07:00,2025-05-02T18:06:41-07:00,0,54
projects/projects.js,55,js,8a6f5a05,Rheka Narwastu,2025-05-02,18:06:41,-07:00,2025-05-02T18:06:41-07:00,0,26
projects/projects.js,56,js,8a6f5a05,Rheka Narwastu,2025-05-02,18:06:41,-07:00,2025-05-02T18:06:41-07:00,0,19
projects/projects.js,57,js,8a6f5a05,Rheka Narwastu,2025-05-02,18:06:41,-07:00,2025-05-02T18:06:41-07:00,0,44
projects/projects.js,58,js,8a6f5a05,Rheka Narwastu,2025-05-02,18:06:41,-07:00,2025-05-02T18:06:41-07:00,0,0
projects/projects.js,59,js,8a6f5a05,Rheka Narwastu,2025-05-02,18:06:41,-07:00,2025-05-02T18:06:41-07:00,0,20
projects/projects.js,60,js,8a6f5a05,Rheka Narwastu,2025-05-02,18:06:41,-07:00,2025-05-02T18:06:41-07:00,0,71
projects/projects.js,61,js,8a6f5a05,Rheka Narwastu,2025-05-02,18:06:41,-07:00,2025-05-02T18:06:41-07:00,0,0
projects/projects.js,62,js,8a6f5a05,Rheka Narwastu,2025-05-02,18:06:41,-07:00,2025-05-02T18:06:41-07:00,0,21
projects/projects.js,63,js,8a6f5a05,Rheka Narwastu,2025-05-02,18:06:41,-07:00,2025-05-02T18:06:41-07:00,0,84
projects/projects.js,64,js,8a6f5a05,Rheka Narwastu,2025-05-02,18:06:41,-07:00,2025-05-02T18:06:41-07:00,0,0
projects/projects.js,65,js,8a6f5a05,Rheka Narwastu,2025-05-02,18:06:41,-07:00,2025-05-02T18:06:41-07:00,0,47
projects/projects.js,66,js,8a6f5a05,Rheka Narwastu,2025-05-02,18:06:41,-07:00,2025-05-02T18:06:41-07:00,0,0
projects/projects.js,67,js,8a6f5a05,Rheka Narwastu,2025-05-02,18:06:41,-07:00,2025-05-02T18:06:41-07:00,0,53
projects/projects.js,68,js,8a6f5a05,Rheka Narwastu,2025-05-02,18:06:41,-07:00,2025-05-02T18:06:41-07:00,0,52
projects/projects.js,69,js,8a6f5a05,Rheka Narwastu,2025-05-02,18:06:41,-07:00,2025-05-02T18:06:41-07:00,0,1
projects/projects.js,70,js,8a6f5a05,Rheka Narwastu,2025-05-02,18:06:41,-07:00,2025-05-02T18:06:41-07:00,0,0
projects/projects.js,71,js,8a6f5a05,Rheka Narwastu,2025-05-02,18:06:41,-07:00,2025-05-02T18:06:41-07:00,0,49
projects/projects.js,72,js,8a6f5a05,Rheka Narwastu,2025-05-02,18:06:41,-07:00,2025-05-02T18:06:41-07:00,0,2
projects/projects.js,73,js,8a6f5a05,Rheka Narwastu,2025-05-02,18:06:41,-07:00,2025-05-02T18:06:41-07:00,0,2
projects/projects.js,74,js,8a6f5a05,Rheka Narwastu,2025-05-02,18:06:41,-07:00,2025-05-02T18:06:41-07:00,0,0
projects/projects.js,75,js,8a6f5a05,Rheka Narwastu,2025-05-02,18:06:41,-07:00,2025-05-02T18:06:41-07:00,0,5
projects/projects.js,76,js,8a6f5a05,Rheka Narwastu,2025-05-02,18:06:41,-07:00,2025-05-02T18:06:41-07:00,0,15
projects/projects.js,77,js,8a6f5a05,Rheka Narwastu,2025-05-02,18:06:41,-07:00,2025-05-02T18:06:41-07:00,0,10
projects/projects.js,78,js,8a6f5a05,Rheka Narwastu,2025-05-02,18:06:41,-07:00,2025-05-02T18:06:41-07:00,0,7
projects/projects.js,79,js,8a6f5a05,Rheka Narwastu,2025-05-02,18:06:41,-07:00,2025-05-02T18:06:41-07:00,0,12
projects/projects.js,80,js,8a6f5a05,Rheka Narwastu,2025-05-02,18:06:41,-07:00,2025-05-02T18:06:41-07:00,0,47
projects/projects.js,81,js,8a6f5a05,Rheka Narwastu,2025-05-02,18:06:41,-07:00,2025-05-02T18:06:41-07:00,0,79
projects/projects.js,82,js,8a6f5a05,Rheka Narwastu,2025-05-02,18:06:41,-07:00,2025-05-02T18:06:41-07:00,0,76
projects/projects.js,83,js,8a6f5a05,Rheka Narwastu,2025-05-02,18:06:41,-07:00,2025-05-02T18:06:41-07:00,0,26
projects/projects.js,84,js,8a6f5a05,Rheka Narwastu,2025-05-02,18:06:41,-07:00,2025-05-02T18:06:41-07:00,0,44
projects/projects.js,85,js,8a6f5a05,Rheka Narwastu,2025-05-02,18:06:41,-07:00,2025-05-02T18:06:41-07:00,0,0
projects/projects.js,86,js,8a6f5a05,Rheka Narwastu,2025-05-02,18:06:41,-07:00,2025-05-02T18:06:41-07:00,0,20
projects/projects.js,87,js,8a6f5a05,Rheka Narwastu,2025-05-02,18:06:41,-07:00,2025-05-02T18:06:41-07:00,0,71
projects/projects.js,88,js,8a6f5a05,Rheka Narwastu,2025-05-02,18:06:41,-07:00,2025-05-02T18:06:41-07:00,0,0
projects/projects.js,89,js,8a6f5a05,Rheka Narwastu,2025-05-02,18:06:41,-07:00,2025-05-02T18:06:41-07:00,0,21
projects/projects.js,90,js,8a6f5a05,Rheka Narwastu,2025-05-02,18:06:41,-07:00,2025-05-02T18:06:41-07:00,0,84
projects/projects.js,91,js,8a6f5a05,Rheka Narwastu,2025-05-02,18:06:41,-07:00,2025-05-02T18:06:41-07:00,0,0
projects/projects.js,92,js,8a6f5a05,Rheka Narwastu,2025-05-02,18:06:41,-07:00,2025-05-02T18:06:41-07:00,0,47
projects/projects.js,93,js,8a6f5a05,Rheka Narwastu,2025-05-02,18:06:41,-07:00,2025-05-02T18:06:41-07:00,0,0
projects/projects.js,94,js,8a6f5a05,Rheka Narwastu,2025-05-02,18:06:41,-07:00,2025-05-02T18:06:41-07:00,0,53
projects/projects.js,95,js,8a6f5a05,Rheka Narwastu,2025-05-02,18:06:41,-07:00,2025-05-02T18:06:41-07:00,0,52
projects/projects.js,96,js,8a6f5a05,Rheka Narwastu,2025-05-02,18:06:41,-07:00,2025-05-02T18:06:41-07:00,0,1
projects/projects.js,97,js,8a6f5a05,Rheka Narwastu,2025-05-02,18:06:41,-07:00,2025-05-02T18:06:41-07:00,0,0
projects/projects.js,98,js,8a6f5a05,Rheka Narwastu,2025-05-02,18:06:41,-07:00,2025-05-02T18:06:41-07:00,0,49
projects/projects.js,99,js,8a6f5a05,Rheka Narwastu,2025-05-02,18:06:41,-07:00,2025-05-02T18:06:41-07:00,0,2
projects/projects.js,100,js,8a6f5a05,Rheka Narwastu,2025-05-02,18:06:41,-07:00,2025-05-02T18:06:41-07:00,0,0
projects/projects.js,101,js,8a6f5a05,Rheka Narwastu,2025-05-02,18:06:41,-07:00,2025-05-02T18:06:41-07:00,0,0
projects/projects.js,102,js,8a6f5a05,Rheka Narwastu,2025-05-02,18:06:41,-07:00,2025-05-02T18:06:41-07:00,0,49
projects/projects.js,103,js,8a6f5a05,Rheka Narwastu,2025-05-02,18:06:41,-07:00,2025-05-02T18:06:41-07:00,0,26
projects/projects.js,104,js,8a6f5a05,Rheka Narwastu,2025-05-02,18:06:41,-07:00,2025-05-02T18:06:41-07:00,0,18
projects/projects.js,105,js,8a6f5a05,Rheka Narwastu,2025-05-02,18:06:41,-07:00,2025-05-02T18:06:41-07:00,0,0
projects/projects.js,106,js,8a6f5a05,Rheka Narwastu,2025-05-02,18:06:41,-07:00,2025-05-02T18:06:41-07:00,0,48
projects/projects.js,107,js,8a6f5a05,Rheka Narwastu,2025-05-02,18:06:41,-07:00,2025-05-02T18:06:41-07:00,0,0
projects/projects.js,108,js,8a6f5a05,Rheka Narwastu,2025-05-02,18:06:41,-07:00,2025-05-02T18:06:41-07:00,0,57
projects/projects.js,109,js,8a6f5a05,Rheka Narwastu,2025-05-02,18:06:41,-07:00,2025-05-02T18:06:41-07:00,0,32
projects/projects.js,110,js,8a6f5a05,Rheka Narwastu,2025-05-02,18:06:41,-07:00,2025-05-02T18:06:41-07:00,0,2
projects/index.html,1,html,a24ab3be,rhekacitra,2025-04-03,12:48:11,-07:00,2025-04-03T12:48:11-07:00,0,14
projects/index.html,2,html,a24ab3be,rhekacitra,2025-04-03,12:48:11,-07:00,2025-04-03T12:48:11-07:00,0,15
projects/index.html,3,html,a24ab3be,rhekacitra,2025-04-03,12:48:11,-07:00,2025-04-03T12:48:11-07:00,0,5
projects/index.html,4,html,a24ab3be,rhekacitra,2025-04-03,12:48:11,-07:00,2025-04-03T12:48:11-07:00,0,21
projects/index.html,5,html,a24ab3be,rhekacitra,2025-04-03,12:48:11,-07:00,2025-04-03T12:48:11-07:00,0,69
projects/index.html,6,html,1621cf94,rhekacitra,2025-04-03,14:52:43,-07:00,2025-04-03T14:52:43-07:00,0,43
projects/index.html,7,html,143498ec,rhekacitra,2025-04-18,12:28:04,-07:00,2025-04-18T12:28:04-07:00,0,49
projects/index.html,8,html,28b22bc4,rhekacitra,2025-04-18,10:43:24,-07:00,2025-04-18T10:43:24-07:00,0,0
projects/index.html,9,html,28b22bc4,rhekacitra,2025-04-18,10:43:24,-07:00,2025-04-18T10:43:24-07:00,0,58
projects/index.html,10,html,28b22bc4,rhekacitra,2025-04-18,10:43:24,-07:00,2025-04-18T10:43:24-07:00,0,67
projects/index.html,11,html,28b22bc4,rhekacitra,2025-04-18,10:43:24,-07:00,2025-04-18T10:43:24-07:00,0,89
projects/index.html,12,html,28b22bc4,rhekacitra,2025-04-18,10:43:24,-07:00,2025-04-18T10:43:24-07:00,0,0
projects/index.html,13,html,b03af21e,rhekacitra,2025-04-24,14:00:30,-07:00,2025-04-24T14:00:30-07:00,0,49
projects/index.html,14,html,b03af21e,rhekacitra,2025-04-24,14:00:30,-07:00,2025-04-24T14:00:30-07:00,0,48
projects/index.html,15,html,b03af21e,rhekacitra,2025-04-24,14:00:30,-07:00,2025-04-24T14:00:30-07:00,0,0
projects/index.html,16,html,a24ab3be,rhekacitra,2025-04-03,12:48:11,-07:00,2025-04-03T12:48:11-07:00,0,22
projects/index.html,17,html,a24ab3be,rhekacitra,2025-04-03,12:48:11,-07:00,2025-04-03T12:48:11-07:00,0,6
projects/index.html,18,html,a24ab3be,rhekacitra,2025-04-03,12:48:11,-07:00,2025-04-03T12:48:11-07:00,0,5
projects/index.html,19,html,e7caf4d1,rhekacitra,2025-04-03,13:26:51,-07:00,2025-04-03T13:26:51-07:00,0,0
projects/index.html,20,html,4614bd31,rhekacitra,2025-04-04,09:37:54,-07:00,2025-04-04T09:37:54-07:00,0,33
projects/index.html,21,html,9d2d3f1a,rhekacitra,2025-05-02,22:30:51,-07:00,2025-05-02T22:30:51-07:00,0,0
projects/index.html,22,html,9d2d3f1a,rhekacitra,2025-05-02,22:30:51,-07:00,2025-05-02T22:30:51-07:00,0,22
projects/index.html,23,html,9d2d3f1a,rhekacitra,2025-05-02,22:30:51,-07:00,2025-05-02T22:30:51-07:00,0,53
projects/index.html,24,html,9d2d3f1a,rhekacitra,2025-05-02,22:30:51,-07:00,2025-05-02T22:30:51-07:00,0,5
projects/index.html,25,html,9d2d3f1a,rhekacitra,2025-05-02,22:30:51,-07:00,2025-05-02T22:30:51-07:00,0,0
projects/index.html,26,html,9d2d3f1a,rhekacitra,2025-05-02,22:30:51,-07:00,2025-05-02T22:30:51-07:00,0,18
projects/index.html,27,html,9d2d3f1a,rhekacitra,2025-05-02,22:30:51,-07:00,2025-05-02T22:30:51-07:00,0,43
projects/index.html,28,html,9d2d3f1a,rhekacitra,2025-05-02,22:30:51,-07:00,2025-05-02T22:30:51-07:00,0,27
projects/index.html,29,html,9d2d3f1a,rhekacitra,2025-05-02,22:30:51,-07:00,2025-05-02T22:30:51-07:00,0,41
projects/index.html,30,html,9d2d3f1a,rhekacitra,2025-05-02,22:30:51,-07:00,2025-05-02T22:30:51-07:00,0,4
projects/index.html,31,html,9d2d3f1a,rhekacitra,2025-05-02,22:30:51,-07:00,2025-05-02T22:30:51-07:00,0,11
projects/index.html,32,html,9d2d3f1a,rhekacitra,2025-05-02,22:30:51,-07:00,2025-05-02T22:30:51-07:00,0,6
projects/index.html,33,html,9d2d3f1a,rhekacitra,2025-05-02,22:30:51,-07:00,2025-05-02T22:30:51-07:00,0,4
projects/index.html,34,html,9d2d3f1a,rhekacitra,2025-05-02,22:30:51,-07:00,2025-05-02T22:30:51-07:00,0,5
projects/index.html,35,html,9d2d3f1a,rhekacitra,2025-05-02,22:30:51,-07:00,2025-05-02T22:30:51-07:00,0,0
projects/index.html,36,html,9d2d3f1a,rhekacitra,2025-05-02,22:30:51,-07:00,2025-05-02T22:30:51-07:00,0,5
projects/index.html,37,html,9d2d3f1a,rhekacitra,2025-05-02,22:30:51,-07:00,2025-05-02T22:30:51-07:00,0,16
projects/index.html,38,html,9d2d3f1a,rhekacitra,2025-05-02,22:30:51,-07:00,2025-05-02T22:30:51-07:00,0,12
projects/index.html,39,html,9d2d3f1a,rhekacitra,2025-05-02,22:30:51,-07:00,2025-05-02T22:30:51-07:00,0,27
projects/index.html,40,html,9d2d3f1a,rhekacitra,2025-05-02,22:30:51,-07:00,2025-05-02T22:30:51-07:00,0,32
projects/index.html,41,html,9d2d3f1a,rhekacitra,2025-05-02,22:30:51,-07:00,2025-05-02T22:30:51-07:00,0,1
projects/index.html,42,html,9d2d3f1a,rhekacitra,2025-05-02,22:30:51,-07:00,2025-05-02T22:30:51-07:00,0,0
projects/index.html,43,html,ff4e6833,rhekacitra,2025-04-10,10:34:19,-07:00,2025-04-10T10:34:19-07:00,0,21
projects/index.html,44,html,9d2d3f1a,rhekacitra,2025-05-02,22:30:51,-07:00,2025-05-02T22:30:51-07:00,0,0
projects/index.html,45,html,b03af21e,rhekacitra,2025-04-24,14:00:30,-07:00,2025-04-24T14:00:30-07:00,0,13
projects/index.html,46,html,ff4e6833,rhekacitra,2025-04-10,10:34:19,-07:00,2025-04-10T10:34:19-07:00,0,51
projects/index.html,47,html,ff4e6833,rhekacitra,2025-04-10,10:34:19,-07:00,2025-04-10T10:34:19-07:00,0,71
projects/index.html,48,html,b03af21e,rhekacitra,2025-04-24,14:00:30,-07:00,2025-04-24T14:00:30-07:00,0,140
projects/index.html,49,html,b03af21e,rhekacitra,2025-04-24,14:00:30,-07:00,2025-04-24T14:00:30-07:00,0,123
projects/index.html,50,html,b03af21e,rhekacitra,2025-04-24,14:00:30,-07:00,2025-04-24T14:00:30-07:00,0,212
projects/index.html,51,html,b03af21e,rhekacitra,2025-04-24,14:00:30,-07:00,2025-04-24T14:00:30-07:00,0,3
projects/index.html,52,html,e7caf4d1,rhekacitra,2025-04-03,13:26:51,-07:00,2025-04-03T13:26:51-07:00,0,9
projects/index.html,53,html,ff4e6833,rhekacitra,2025-04-10,10:34:19,-07:00,2025-04-10T10:34:19-07:00,0,8
projects/index.html,54,html,ff4e6833,rhekacitra,2025-04-10,10:34:19,-07:00,2025-04-10T10:34:19-07:00,0,64
projects/index.html,55,html,ff4e6833,rhekacitra,2025-04-10,10:34:19,-07:00,2025-04-10T10:34:19-07:00,0,71
projects/index.html,56,html,b03af21e,rhekacitra,2025-04-24,14:00:30,-07:00,2025-04-24T14:00:30-07:00,0,167
projects/index.html,57,html,b03af21e,rhekacitra,2025-04-24,14:00:30,-07:00,2025-04-24T14:00:30-07:00,0,93
projects/index.html,58,html,b03af21e,rhekacitra,2025-04-24,14:00:30,-07:00,2025-04-24T14:00:30-07:00,0,3
projects/index.html,59,html,ff4e6833,rhekacitra,2025-04-10,10:34:19,-07:00,2025-04-10T10:34:19-07:00,0,9
projects/index.html,60,html,ff4e6833,rhekacitra,2025-04-10,10:34:19,-07:00,2025-04-10T10:34:19-07:00,0,8
projects/index.html,61,html,28b22bc4,rhekacitra,2025-04-18,10:43:24,-07:00,2025-04-18T10:43:24-07:00,0,19
projects/index.html,62,html,ff4e6833,rhekacitra,2025-04-10,10:34:19,-07:00,2025-04-10T10:34:19-07:00,0,71
projects/index.html,63,html,28b22bc4,rhekacitra,2025-04-18,10:43:24,-07:00,2025-04-18T10:43:24-07:00,0,19
projects/index.html,64,html,b03af21e,rhekacitra,2025-04-24,14:00:30,-07:00,2025-04-24T14:00:30-07:00,0,13
projects/index.html,65,html,28b22bc4,rhekacitra,2025-04-18,10:43:24,-07:00,2025-04-18T10:43:24-07:00,0,0
projects/index.html,66,html,b03af21e,rhekacitra,2025-04-24,14:00:30,-07:00,2025-04-24T14:00:30-07:00,0,0
projects/index.html,67,html,ff4e6833,rhekacitra,2025-04-10,10:34:19,-07:00,2025-04-10T10:34:19-07:00,0,5
projects/index.html,68,html,a24ab3be,rhekacitra,2025-04-03,12:48:11,-07:00,2025-04-03T12:48:11-07:00,0,6
projects/index.html,69,html,a24ab3be,rhekacitra,2025-04-03,12:48:11,-07:00,2025-04-03T12:48:11-07:00,0,6
cv/index.html,1,html,a24ab3be,rhekacitra,2025-04-03,12:48:11,-07:00,2025-04-03T12:48:11-07:00,0,14
cv/index.html,2,html,a24ab3be,rhekacitra,2025-04-03,12:48:11,-07:00,2025-04-03T12:48:11-07:00,0,15
cv/index.html,3,html,a24ab3be,rhekacitra,2025-04-03,12:48:11,-07:00,2025-04-03T12:48:11-07:00,0,5
cv/index.html,4,html,a24ab3be,rhekacitra,2025-04-03,12:48:11,-07:00,2025-04-03T12:48:11-07:00,0,23
cv/index.html,5,html,a24ab3be,rhekacitra,2025-04-03,12:48:11,-07:00,2025-04-03T12:48:11-07:00,0,71
cv/index.html,6,html,1621cf94,rhekacitra,2025-04-03,14:52:43,-07:00,2025-04-03T14:52:43-07:00,0,43
cv/index.html,7,html,143498ec,rhekacitra,2025-04-18,12:28:04,-07:00,2025-04-18T12:28:04-07:00,0,49
cv/index.html,8,html,28b22bc4,rhekacitra,2025-04-18,10:43:24,-07:00,2025-04-18T10:43:24-07:00,0,0
cv/index.html,9,html,28b22bc4,rhekacitra,2025-04-18,10:43:24,-07:00,2025-04-18T10:43:24-07:00,0,58
cv/index.html,10,html,28b22bc4,rhekacitra,2025-04-18,10:43:24,-07:00,2025-04-18T10:43:24-07:00,0,67
cv/index.html,11,html,28b22bc4,rhekacitra,2025-04-18,10:43:24,-07:00,2025-04-18T10:43:24-07:00,0,89
cv/index.html,12,html,28b22bc4,rhekacitra,2025-04-18,10:43:24,-07:00,2025-04-18T10:43:24-07:00,0,0
cv/index.html,13,html,a24ab3be,rhekacitra,2025-04-03,12:48:11,-07:00,2025-04-03T12:48:11-07:00,0,33
cv/index.html,14,html,a24ab3be,rhekacitra,2025-04-03,12:48:11,-07:00,2025-04-03T12:48:11-07:00,0,6
cv/index.html,15,html,ab0b89d4,rhekacitra,2025-04-10,10:55:39,-07:00,2025-04-10T10:55:39-07:00,0,16
cv/index.html,16,html,a24ab3be,rhekacitra,2025-04-03,12:48:11,-07:00,2025-04-03T12:48:11-07:00,0,0
cv/index.html,17,html,a4ee1c0b,rhekacitra,2025-04-03,14:43:50,-07:00,2025-04-03T14:43:50-07:00,0,14
cv/index.html,18,html,a24ab3be,rhekacitra,2025-04-03,12:48:11,-07:00,2025-04-03T12:48:11-07:00,0,0
cv/index.html,19,html,a24ab3be,rhekacitra,2025-04-03,12:48:11,-07:00,2025-04-03T12:48:11-07:00,0,8
cv/index.html,20,html,a24ab3be,rhekacitra,2025-04-03,12:48:11,-07:00,2025-04-03T12:48:11-07:00,0,35
cv/index.html,21,html,a24ab3be,rhekacitra,2025-04-03,12:48:11,-07:00,2025-04-03T12:48:11-07:00,0,0
cv/index.html,22,html,fa813ae9,rhekacitra,2025-04-26,14:52:21,-07:00,2025-04-26T14:52:21-07:00,0,8
cv/index.html,23,html,fa813ae9,rhekacitra,2025-04-26,14:52:21,-07:00,2025-04-26T14:52:21-07:00,0,78
cv/index.html,24,html,fa813ae9,rhekacitra,2025-04-26,14:52:21,-07:00,2025-04-26T14:52:21-07:00,0,41
cv/index.html,25,html,fa813ae9,rhekacitra,2025-04-26,14:52:21,-07:00,2025-04-26T14:52:21-07:00,0,90
cv/index.html,26,html,fa813ae9,rhekacitra,2025-04-26,14:52:21,-07:00,2025-04-26T14:52:21-07:00,0,9
cv/index.html,27,html,fa813ae9,rhekacitra,2025-04-26,14:52:21,-07:00,2025-04-26T14:52:21-07:00,0,0
cv/index.html,28,html,fa813ae9,rhekacitra,2025-04-26,14:52:21,-07:00,2025-04-26T14:52:21-07:00,0,8
cv/index.html,29,html,fa813ae9,rhekacitra,2025-04-26,14:52:21,-07:00,2025-04-26T14:52:21-07:00,0,91
cv/index.html,30,html,fa813ae9,rhekacitra,2025-04-26,14:52:21,-07:00,2025-04-26T14:52:21-07:00,0,51
cv/index.html,31,html,fa813ae9,rhekacitra,2025-04-26,14:52:21,-07:00,2025-04-26T14:52:21-07:00,0,90
cv/index.html,32,html,fa813ae9,rhekacitra,2025-04-26,14:52:21,-07:00,2025-04-26T14:52:21-07:00,0,9
cv/index.html,33,html,fa813ae9,rhekacitra,2025-04-26,14:52:21,-07:00,2025-04-26T14:52:21-07:00,0,0
cv/index.html,34,html,fa813ae9,rhekacitra,2025-04-26,14:52:21,-07:00,2025-04-26T14:52:21-07:00,0,0
cv/index.html,35,html,a24ab3be,rhekacitra,2025-04-03,12:48:11,-07:00,2025-04-03T12:48:11-07:00,0,8
cv/index.html,36,html,51420dfb,rhekacitra,2025-04-04,09:44:58,-07:00,2025-04-04T09:44:58-07:00,0,76
cv/index.html,37,html,a24ab3be,rhekacitra,2025-04-03,12:48:11,-07:00,2025-04-03T12:48:11-07:00,0,63
cv/index.html,38,html,a24ab3be,rhekacitra,2025-04-03,12:48:11,-07:00,2025-04-03T12:48:11-07:00,0,92
cv/index.html,39,html,a24ab3be,rhekacitra,2025-04-03,12:48:11,-07:00,2025-04-03T12:48:11-07:00,0,3
cv/index.html,40,html,a24ab3be,rhekacitra,2025-04-03,12:48:11,-07:00,2025-04-03T12:48:11-07:00,0,71
cv/index.html,41,html,a24ab3be,rhekacitra,2025-04-03,12:48:11,-07:00,2025-04-03T12:48:11-07:00,0,70
cv/index.html,42,html,a24ab3be,rhekacitra,2025-04-03,12:48:11,-07:00,2025-04-03T12:48:11-07:00,0,68
cv/index.html,43,html,a24ab3be,rhekacitra,2025-04-03,12:48:11,-07:00,2025-04-03T12:48:11-07:00,0,4
cv/index.html,44,html,a24ab3be,rhekacitra,2025-04-03,12:48:11,-07:00,2025-04-03T12:48:11-07:00,0,9
cv/index.html,45,html,a24ab3be,rhekacitra,2025-04-03,12:48:11,-07:00,2025-04-03T12:48:11-07:00,0,0
cv/index.html,46,html,a24ab3be,rhekacitra,2025-04-03,12:48:11,-07:00,2025-04-03T12:48:11-07:00,0,8
cv/index.html,47,html,51420dfb,rhekacitra,2025-04-04,09:44:58,-07:00,2025-04-04T09:44:58-07:00,0,88
cv/index.html,48,html,a24ab3be,rhekacitra,2025-04-03,12:48:11,-07:00,2025-04-03T12:48:11-07:00,0,65
cv/index.html,49,html,a24ab3be,rhekacitra,2025-04-03,12:48:11,-07:00,2025-04-03T12:48:11-07:00,0,92
cv/index.html,50,html,a24ab3be,rhekacitra,2025-04-03,12:48:11,-07:00,2025-04-03T12:48:11-07:00,0,3
cv/index.html,51,html,a24ab3be,rhekacitra,2025-04-03,12:48:11,-07:00,2025-04-03T12:48:11-07:00,0,78
cv/index.html,52,html,a24ab3be,rhekacitra,2025-04-03,12:48:11,-07:00,2025-04-03T12:48:11-07:00,0,69
cv/index.html,53,html,a24ab3be,rhekacitra,2025-04-03,12:48:11,-07:00,2025-04-03T12:48:11-07:00,0,74
cv/index.html,54,html,a24ab3be,rhekacitra,2025-04-03,12:48:11,-07:00,2025-04-03T12:48:11-07:00,0,4
cv/index.html,55,html,a24ab3be,rhekacitra,2025-04-03,12:48:11,-07:00,2025-04-03T12:48:11-07:00,0,9
cv/index.html,56,html,a24ab3be,rhekacitra,2025-04-03,12:48:11,-07:00,2025-04-03T12:48:11-07:00,0,9
cv/index.html,57,html,a24ab3be,rhekacitra,2025-04-03,12:48:11,-07:00,2025-04-03T12:48:11-07:00,0,0
cv/index.html,58,html,a24ab3be,rhekacitra,2025-04-03,12:48:11,-07:00,2025-04-03T12:48:11-07:00,0,8
cv/index.html,59,html,a24ab3be,rhekacitra,2025-04-03,12:48:11,-07:00,2025-04-03T12:48:11-07:00,0,34
cv/index.html,60,html,a24ab3be,rhekacitra,2025-04-03,12:48:11,-07:00,2025-04-03T12:48:11-07:00,0,0
cv/index.html,61,html,a24ab3be,rhekacitra,2025-04-03,12:48:11,-07:00,2025-04-03T12:48:11-07:00,0,8
cv/index.html,62,html,a24ab3be,rhekacitra,2025-04-03,12:48:11,-07:00,2025-04-03T12:48:11-07:00,0,43
cv/index.html,63,html,a24ab3be,rhekacitra,2025-04-03,12:48:11,-07:00,2025-04-03T12:48:11-07:00,0,58
cv/index.html,64,html,a24ab3be,rhekacitra,2025-04-03,12:48:11,-07:00,2025-04-03T12:48:11-07:00,0,41
cv/index.html,65,html,a24ab3be,rhekacitra,2025-04-03,12:48:11,-07:00,2025-04-03T12:48:11-07:00,0,9
cv/index.html,66,html,a24ab3be,rhekacitra,2025-04-03,12:48:11,-07:00,2025-04-03T12:48:11-07:00,0,9
cv/index.html,67,html,a24ab3be,rhekacitra,2025-04-03,12:48:11,-07:00,2025-04-03T12:48:11-07:00,0,0
cv/index.html,68,html,28b22bc4,rhekacitra,2025-04-18,10:43:24,-07:00,2025-04-18T10:43:24-07:00,0,26
cv/index.html,69,html,a24ab3be,rhekacitra,2025-04-03,12:48:11,-07:00,2025-04-03T12:48:11-07:00,0,31
cv/index.html,70,html,a24ab3be,rhekacitra,2025-04-03,12:48:11,-07:00,2025-04-03T12:48:11-07:00,0,3
cv/index.html,71,html,a24ab3be,rhekacitra,2025-04-03,12:48:11,-07:00,2025-04-03T12:48:11-07:00,0,90
cv/index.html,72,html,a24ab3be,rhekacitra,2025-04-03,12:48:11,-07:00,2025-04-03T12:48:11-07:00,0,61
cv/index.html,73,html,a24ab3be,rhekacitra,2025-04-03,12:48:11,-07:00,2025-04-03T12:48:11-07:00,0,75
cv/index.html,74,html,a24ab3be,rhekacitra,2025-04-03,12:48:11,-07:00,2025-04-03T12:48:11-07:00,0,94
cv/index.html,75,html,a24ab3be,rhekacitra,2025-04-03,12:48:11,-07:00,2025-04-03T12:48:11-07:00,0,4
cv/index.html,76,html,a24ab3be,rhekacitra,2025-04-03,12:48:11,-07:00,2025-04-03T12:48:11-07:00,0,9
cv/index.html,77,html,a24ab3be,rhekacitra,2025-04-03,12:48:11,-07:00,2025-04-03T12:48:11-07:00,0,6
cv/index.html,78,html,a24ab3be,rhekacitra,2025-04-03,12:48:11,-07:00,2025-04-03T12:48:11-07:00,0,6
contact/index.html,1,html,a24ab3be,rhekacitra,2025-04-03,12:48:11,-07:00,2025-04-03T12:48:11-07:00,0,14
contact/index.html,2,html,a24ab3be,rhekacitra,2025-04-03,12:48:11,-07:00,2025-04-03T12:48:11-07:00,0,15
contact/index.html,3,html,a24ab3be,rhekacitra,2025-04-03,12:48:11,-07:00,2025-04-03T12:48:11-07:00,0,5
contact/index.html,4,html,a24ab3be,rhekacitra,2025-04-03,12:48:11,-07:00,2025-04-03T12:48:11-07:00,0,21
contact/index.html,5,html,a24ab3be,rhekacitra,2025-04-03,12:48:11,-07:00,2025-04-03T12:48:11-07:00,0,69
contact/index.html,6,html,1621cf94,rhekacitra,2025-04-03,14:52:43,-07:00,2025-04-03T14:52:43-07:00,0,43
contact/index.html,7,html,143498ec,rhekacitra,2025-04-18,12:28:04,-07:00,2025-04-18T12:28:04-07:00,0,49
contact/index.html,8,html,28b22bc4,rhekacitra,2025-04-18,10:43:24,-07:00,2025-04-18T10:43:24-07:00,0,0
contact/index.html,9,html,28b22bc4,rhekacitra,2025-04-18,10:43:24,-07:00,2025-04-18T10:43:24-07:00,0,58
contact/index.html,10,html,28b22bc4,rhekacitra,2025-04-18,10:43:24,-07:00,2025-04-18T10:43:24-07:00,0,67
contact/index.html,11,html,28b22bc4,rhekacitra,2025-04-18,10:43:24,-07:00,2025-04-18T10:43:24-07:00,0,89
contact/index.html,12,html,28b22bc4,rhekacitra,2025-04-18,10:43:24,-07:00,2025-04-18T10:43:24-07:00,0,0
contact/index.html,13,html,a24ab3be,rhekacitra,2025-04-03,12:48:11,-07:00,2025-04-03T12:48:11-07:00,0,21
contact/index.html,14,html,a24ab3be,rhekacitra,2025-04-03,12:48:11,-07:00,2025-04-03T12:48:11-07:00,0,6
contact/index.html,15,html,a24ab3be,rhekacitra,2025-04-03,12:48:11,-07:00,2025-04-03T12:48:11-07:00,0,5
contact/index.html,16,html,28b22bc4,rhekacitra,2025-04-18,10:43:24,-07:00,2025-04-18T10:43:24-07:00,0,9
contact/index.html,17,html,e7caf4d1,rhekacitra,2025-04-03,13:26:51,-07:00,2025-04-03T13:26:51-07:00,0,3
contact/index.html,18,html,3d89af7f,rhekacitra,2025-04-03,14:39:32,-07:00,2025-04-03T14:39:32-07:00,0,49
contact/index.html,19,html,3d89af7f,rhekacitra,2025-04-03,14:39:32,-07:00,2025-04-03T14:39:32-07:00,0,62
contact/index.html,20,html,28b22bc4,rhekacitra,2025-04-18,10:43:24,-07:00,2025-04-18T10:43:24-07:00,0,60
contact/index.html,21,html,3d89af7f,rhekacitra,2025-04-03,14:39:32,-07:00,2025-04-03T14:39:32-07:00,0,50
contact/index.html,22,html,3d89af7f,rhekacitra,2025-04-03,14:39:32,-07:00,2025-04-03T14:39:32-07:00,0,75
contact/index.html,23,html,a24ab3be,rhekacitra,2025-04-03,12:48:11,-07:00,2025-04-03T12:48:11-07:00,0,4
contact/index.html,24,html,28b22bc4,rhekacitra,2025-04-18,10:43:24,-07:00,2025-04-18T10:43:24-07:00,0,9
contact/index.html,25,html,a24ab3be,rhekacitra,2025-04-03,12:48:11,-07:00,2025-04-03T12:48:11-07:00,0,0
contact/index.html,26,html,ff4e6833,rhekacitra,2025-04-10,10:34:19,-07:00,2025-04-10T10:34:19-07:00,0,21
contact/index.html,27,html,a24ab3be,rhekacitra,2025-04-03,12:48:11,-07:00,2025-04-03T12:48:11-07:00,0,0
contact/index.html,28,html,28b22bc4,rhekacitra,2025-04-18,10:43:24,-07:00,2025-04-18T10:43:24-07:00,0,45
contact/index.html,29,html,a24ab3be,rhekacitra,2025-04-03,12:48:11,-07:00,2025-04-03T12:48:11-07:00,0,6
contact/index.html,30,html,a24ab3be,rhekacitra,2025-04-03,12:48:11,-07:00,2025-04-03T12:48:11-07:00,0,5
contact/index.html,31,html,a24ab3be,rhekacitra,2025-04-03,12:48:11,-07:00,2025-04-03T12:48:11-07:00,0,41
contact/index.html,32,html,a24ab3be,rhekacitra,2025-04-03,12:48:11,-07:00,2025-04-03T12:48:11-07:00,0,7
contact/index.html,33,html,a24ab3be,rhekacitra,2025-04-03,12:48:11,-07:00,2025-04-03T12:48:11-07:00,0,0
contact/index.html,34,html,a24ab3be,rhekacitra,2025-04-03,12:48:11,-07:00,2025-04-03T12:48:11-07:00,0,6
contact/index.html,35,html,a24ab3be,rhekacitra,2025-04-03,12:48:11,-07:00,2025-04-03T12:48:11-07:00,0,7
contact/index.html,36,html,a24ab3be,rhekacitra,2025-04-03,12:48:11,-07:00,2025-04-03T12:48:11-07:00,0,30
contact/index.html,37,html,a24ab3be,rhekacitra,2025-04-03,12:48:11,-07:00,2025-04-03T12:48:11-07:00,0,7
contact/index.html,38,html,a24ab3be,rhekacitra,2025-04-03,12:48:11,-07:00,2025-04-03T12:48:11-07:00,0,0
contact/index.html,39,html,a24ab3be,rhekacitra,2025-04-03,12:48:11,-07:00,2025-04-03T12:48:11-07:00,0,6
contact/index.html,40,html,a24ab3be,rhekacitra,2025-04-03,12:48:11,-07:00,2025-04-03T12:48:11-07:00,0,7
contact/index.html,41,html,a24ab3be,rhekacitra,2025-04-03,12:48:11,-07:00,2025-04-03T12:48:11-07:00,0,50
contact/index.html,42,html,a24ab3be,rhekacitra,2025-04-03,12:48:11,-07:00,2025-04-03T12:48:11-07:00,0,7
contact/index.html,43,html,a24ab3be,rhekacitra,2025-04-03,12:48:11,-07:00,2025-04-03T12:48:11-07:00,0,0
contact/index.html,44,html,4614bd31,rhekacitra,2025-04-04,09:37:54,-07:00,2025-04-04T09:37:54-07:00,0,22
contact/index.html,45,html,a24ab3be,rhekacitra,2025-04-03,12:48:11,-07:00,2025-04-03T12:48:11-07:00,0,6
contact/index.html,46,html,a24ab3be,rhekacitra,2025-04-03,12:48:11,-07:00,2025-04-03T12:48:11-07:00,0,6
contact/index.html,47,html,a24ab3be,rhekacitra,2025-04-03,12:48:11,-07:00,2025-04-03T12:48:11-07:00,0,6
